-0.427555,0.903989
-0.5957,-0.803207
0.995185,-0.0980187
-0.471395,0.881922
-0.427557,-0.903988
0.970032,0.242977
-0.831467,0.555574
0.195085,-0.980786
0.514108,0.857725
-0.941546,-0.336883
0.956938,-0.290294
-0.634384,0.773018
0.146716,-0.989179
0.336903,0.941539
-0.707117,-0.707097
0.923886,0.382667
-0.998797,-0.0490463
0.970025,-0.243004
-0.881908,0.471421
0.772991,-0.634417
-0.671534,0.740974
0.59567,-0.803229
-0.555537,0.831492
0.555535,-0.831493
-0.595662,0.803236
0.671521,-0.740986
-0.772975,0.634437
0.881893,-0.471451
-0.970015,0.243044
0.998799,0.0489981
-0.923908,-0.382615
0.707162,0.707052
-0.336967,-0.941517
-0.146646,0.989189
0.634325,-0.773067
-0.956914,0.290373
0.941576,0.3368
-0.514189,-0.857677
-0.194987,0.980806
0.831408,-0.555662
-0.970059,-0.242869
0.427663,0.903938
0.471288,-0.88198
-0.995172,0.0981455
0.595807,0.803128
0.427429,-0.904049
-1,0.000144156
0.382821,0.923822
0.740847,-0.671673
-0.857811,-0.513966
-0.290127,0.956988
0.995201,0.0978478
-0.0492425,-0.998787
-0.98915,0.146908
0.195271,0.980749
0.980748,-0.195276
-0.146923,-0.989148
-0.998786,0.0492676
-0.097813,0.995205
0.957002,0.290083
0.513917,-0.85784
-0.671724,-0.740802
-0.923792,0.382894
0.000232756,1
0.904091,0.42734
0.803063,-0.595894
-0.0982636,-0.99516
-0.88204,-0.471174
-0.903879,0.427787
-0.242727,0.970095
0.555791,0.831322
0.980838,0.194826
0.857588,-0.514337
0.336627,-0.941638
-0.290558,-0.956858
-0.773195,-0.634169
-0.98922,-0.146438
-0.941443,0.337173
-0.70689,0.707323
-0.382396,0.923999
-0.0487521,0.998811
0.243291,0.969953
0.471683,0.881768
0.634648,0.772801
0.741175,0.671312
0.803409,0.595428
0.831659,0.555286
0.831662,0.555283
0.803416,0.595419
0.741188,0.671298
0.634669,0.772784
0.471714,0.881752
0.243332,0.969943
-0.0487026,0.998813
-0.382343,0.92402
-0.706842,0.707372
-0.941416,0.337249
-0.989233,-0.146347
-0.77326,-0.634089
-0.290667,-0.956824
0.336508,-0.941681
0.857518,-0.514454
0.980866,0.194685
0.555918,0.831237
-0.242569,0.970134
-0.903806,0.427942
-0.882126,-0.471014
-0.0984534,-0.995142
0.802943,-0.596055
0.904181,0.42715
0.000452101,1
-0.923705,0.383105
-0.6719,-0.740642
0.513704,-0.857967
0.957076,0.289836
-0.0975472,0.995231
-0.998772,0.0495438
-0.147206,-0.989106
0.98069,-0.195566
0.19557,0.98069
-0.989104,0.147219
-0.0495649,-0.998771
0.995234,0.0975175
-0.2898,0.957087
-0.857991,-0.513665
0.740606,-0.67194
0.383162,0.923681
-1,0.000522526
-0.147247,-0.9891
0.969904,-0.243487
0.290785,0.956788
-0.956789,0.290785
-0.243487,-0.969904
0.9891,-0.147247
0.000522578,1
-0.980887,-0.194578
0.427083,-0.904212
0.741302,0.671172
-0.881675,0.471858
-0.0985374,-0.995133
0.94172,0.336398
-0.7406,0.671946
-0.195603,-0.980683
0.924079,0.382201
-0.85746,0.51455
0.146213,-0.989253
0.634798,0.772678
-0.995236,-0.0974949
0.802894,-0.596121
-0.24247,0.970159
-0.38317,-0.923678
0.831762,0.555132
-0.998821,-0.0485409
0.903764,-0.428032
-0.633985,0.773345
0.28978,-0.957093
0.0495941,0.998769
-0.337386,-0.941367
0.556008,0.831177
-0.707478,-0.706735
0.80352,0.595278
-0.857998,-0.513654
0.882167,0.470936
-0.882167,-0.470937
0.857997,0.513655
-0.803519,-0.595279
0.707477,0.706736
-0.556006,-0.831178
0.337384,0.941367
-0.0495928,-0.99877
-0.289781,0.957093
0.633983,-0.773347
-0.903761,0.428038
0.998822,0.0485307
-0.83177,-0.55512
0.383186,0.923671
0.242449,-0.970164
-0.802879,0.596142
0.995239,0.0974658
-0.634824,-0.772657
-0.146177,0.989258
0.857439,-0.514585
-0.924095,-0.382162
0.19565,0.980674
0.740565,-0.671985
-0.941739,-0.336345
0.0985988,0.995127
0.881643,-0.471917
-0.741351,-0.671118
-0.427012,0.904246
0.980903,0.194496
-0.000610944,-1
-0.989086,0.14734
0.243582,0.96988
0.956759,-0.290883
-0.290887,-0.956757
-0.969877,0.243595
0.147362,0.989083
1,-0.000643078
0.194455,-0.980911
-0.904268,-0.426966
-0.671073,0.741392
0.471979,0.88161
0.995119,-0.098679
0.336259,-0.941769
-0.672058,-0.740498
-0.980653,0.195755
-0.382053,0.924141
0.514692,0.857375
0.989278,0.146046
0.772569,-0.634931
0.0973204,-0.995253
-0.596265,-0.802788
-0.970203,-0.242293
-0.923607,0.383342
-0.554974,0.831868
-0.048347,0.998831
0.428211,0.903679
0.773473,0.633829
0.957153,0.289582
0.998759,-0.0498045
0.941294,-0.337589
0.831054,-0.556191
0.706575,-0.707638
0.595092,-0.803657
0.513451,-0.858119
0.470723,-0.882281
0.47072,-0.882283
0.51344,-0.858125
0.595075,-0.80367
0.706554,-0.707659
0.831033,-0.556223
0.941278,-0.337633
0.998756,-0.0498597
0.957171,0.289522
0.773519,0.633774
0.428283,0.903644
-0.0482584,0.998835
-0.554893,0.831922
-0.923566,0.383439
-0.970231,-0.242182
-0.596363,-0.802715
0.0971909,-0.995266
0.772481,-0.635038
0.989299,0.145901
0.514825,0.857295
-0.381901,0.924203
-0.980619,0.195925
-0.672192,-0.740377
0.336081,-0.941833
0.9951,-0.0988755
0.472161,0.881512
-0.670914,0.741535
-0.904363,-0.426765
0.194229,-0.980956
1,-0.000881974
0.956684,-0.291128
0.857275,-0.514859
0.740358,-0.672212
0.633711,-0.77357
0.554837,-0.831959
0.513346,-0.858182
0.513346,-0.858182
0.554837,-0.831959
0.633711,-0.77357
0.740358,-0.672212
0.857275,-0.514859
0.956684,-0.291128
1,-0.000881974
0.941841,0.336059
0.741543,0.670905
0.383498,0.923542
-0.0971393,0.995271
-0.594991,0.803733
-0.941247,0.33772
-0.957196,-0.28944
-0.556304,-0.830979
0.145858,-0.989306
0.802682,-0.596407
0.980957,0.194226
0.472173,0.881506
-0.426759,0.904366
-0.989047,0.147602
-0.635073,-0.772452
0.38187,-0.924216
0.998752,-0.0499479
0.428352,0.903612
-0.706483,0.70773
-0.882337,-0.470618
0.242124,-0.970245
0.998838,0.0481865
0.0988949,0.995098
-0.980613,0.195955
-0.243835,-0.969817
0.969817,-0.243834
0.195953,0.980613
-0.995098,0.0988917
0.0481909,-0.998838
0.970244,0.24213
-0.470625,0.882334
-0.707724,-0.706489
0.903616,-0.428343
0.049937,0.998752
-0.924212,-0.381881
0.77246,-0.635063
0.147589,0.989049
-0.904361,-0.426769
0.88151,-0.472165
-0.194235,0.980955
-0.5964,-0.802687
0.989304,0.145866
-0.830983,0.556298
0.289447,-0.957194
0.337715,0.941248
-0.803729,-0.594995
0.99527,0.0971444
-0.923544,0.383494
0.670909,-0.74154
-0.336064,0.941839
-0.000876526,-1
0.291123,0.956686
-0.514853,-0.857278
0.672207,0.740363
-0.773565,-0.633717
0.831954,0.554844
-0.858176,-0.513355
0.858176,0.513356
-0.831954,-0.554845
0.773564,0.633718
-0.672206,-0.740364
0.514852,0.857279
-0.291122,-0.956686
0.000875246,1
0.336065,-0.941839
-0.67091,0.741539
0.923544,-0.383492
-0.99527,-0.0971457
0.803729,0.594996
-0.337714,-0.941249
-0.28944,0.957196
0.830975,-0.556309
-0.989308,-0.145844
0.596421,0.802672
0.194206,-0.980961
-0.881495,0.472194
0.904377,0.426735
-0.147629,-0.989043
-0.772432,0.635097
0.92423,0.381836
-0.0499891,-0.99875
-0.903592,0.428394
0.707767,0.706446
0.470569,-0.882363
-0.97026,-0.242064
-0.0481198,0.998842
0.995091,-0.0989664
-0.19603,-0.980598
-0.969797,0.243914
0.243919,0.969796
0.980595,-0.196044
-0.0989885,-0.995089
-0.998843,-0.0480887
-0.242025,0.97027
0.882387,0.470525
0.706405,-0.707807
-0.428454,-0.903563
-0.998746,0.0500647
-0.381758,0.924262
0.635169,0.772373
0.989028,-0.147727
0.42664,-0.904422
-0.472293,-0.881442
-0.980984,-0.19409
-0.802597,0.596521
-0.145714,0.989327
0.556428,0.830896
0.95724,0.289294
0.941193,-0.337868
0.594861,-0.803828
0.0969759,-0.995287
-0.383653,-0.923477
-0.741658,-0.670778
-0.9419,-0.335894
-0.999999,0.00106142
0.383664,0.923473
0.740238,-0.672345
-0.858274,-0.513192
-0.289269,0.957248
0.995288,0.0969613
-0.0501273,-0.998743
-0.98902,0.14778
0.196131,0.980578
0.980578,-0.19613
-0.147779,-0.98902
-0.998743,0.0501258
-0.0969626,0.995288
0.957247,0.28927
0.513194,-0.858273
-0.672344,-0.740239
-0.923474,0.383662
0.00105864,0.999999
0.904441,0.426598
0.802577,-0.596548
-0.0990684,-0.995081
-0.882418,-0.470466
-0.903538,0.428508
-0.241959,0.970287
0.556444,0.830885
0.98099,0.194059
0.857187,-0.515005
0.335901,-0.941897
-0.291287,-0.956636
-0.773674,-0.633584
-0.989329,-0.145698
-0.941193,0.33787
-0.706369,0.707844
-0.381719,0.924278
-0.0480244,0.998846
0.243994,0.969777
0.472319,0.881428
0.635202,0.772346
0.741654,0.670783
0.803831,0.594858
0.832051,0.554699
0.832051,0.554699
0.803831,0.594858
0.741654,0.670783
0.635202,0.772346
0.472319,0.881428
0.243994,0.969777
-0.0480244,0.998846
-0.381719,0.924278
-0.706369,0.707844
-0.941193,0.33787
-0.989329,-0.145702
-0.773669,-0.63359
-0.291276,-0.956639
0.335915,-0.941892
0.857196,-0.51499
0.980987,0.194076
0.55643,0.830895
-0.241977,0.970282
-0.903547,0.428489
-0.882407,-0.470486
-0.0990437,-0.995083
0.802593,-0.596527
0.904429,0.426624
0.00102812,0.999999
-0.923486,0.383632
-0.672318,-0.740262
0.513225,-0.858254
0.957236,0.289307
-0.0970005,0.995284
-0.998745,0.0500867
-0.147738,-0.989026
0.980586,-0.196089
0.196089,0.980586
-0.989027,0.147736
-0.0500826,-0.998745
0.995284,0.0970069
-0.289314,0.957234
-0.858249,-0.513234
0.740271,-0.672308
0.383617,0.923492
-0.999999,0.00100938
0.426643,-0.90442
0.596508,0.802607
-0.995086,0.0990186
0.47051,-0.882395
0.428463,0.903559
-0.970275,-0.242006
0.830912,-0.556404
-0.194107,0.98098
-0.514961,-0.857214
0.94188,0.335948
-0.956649,0.291242
0.633619,-0.773645
-0.14574,0.989323
-0.337832,-0.941206
0.707814,0.706399
-0.924262,-0.381759
0.998844,0.0480684
-0.969788,0.24395
0.88145,-0.472278
-0.772376,0.635165
0.670819,-0.741621
-0.594895,0.803803
0.554736,-0.832027
-0.554734,0.832028
0.59489,-0.803807
-0.670812,0.741628
0.77237,-0.635173
-0.881445,0.472287
0.969785,-0.24396
-0.998845,-0.0480582
0.924266,0.381749
-0.707821,-0.706391
0.337845,0.941202
0.145723,-0.989325
-0.633603,0.773659
0.956642,-0.291266
-0.94189,-0.335921
0.514988,0.857198
0.194075,-0.980987
-0.830893,0.556433
0.970284,0.241971
-0.428498,-0.903543
-0.470473,0.882414
0.995081,-0.099062
-0.596545,-0.80258
-0.4266,0.90444
0.999999,-0.00105983
0.832058,0.554689
0.337887,0.941187
-0.335892,0.9419
-0.881422,0.47233
-0.957247,-0.289271
-0.428511,-0.903536
0.426599,-0.904441
0.980578,-0.196128
0.707854,0.706358
-0.241954,0.970288
-0.969774,0.244006
-0.63521,-0.772339
0.470464,-0.882419
0.989331,0.145684
0.147777,0.989021
-0.923474,0.383661
-0.55645,-0.830881
0.74024,-0.672343
0.741661,0.670775
-0.633576,0.773681
-0.77368,-0.633576
0.670776,-0.74166
0.672342,0.740241
-0.830883,0.556448
-0.383657,-0.923475
0.989021,-0.147772
-0.14569,0.98933
-0.882416,-0.47047
0.772345,-0.635203
0.243995,0.969776
-0.970285,-0.241967
0.706369,-0.707843
0.196114,0.980581
-0.904436,-0.42661
0.903541,-0.428501
-0.289282,0.957244
-0.472321,-0.881427
0.941897,0.335902
-0.94119,0.337878
0.554697,-0.832053
0.00105077,0.999999
-0.515004,-0.857188
0.858268,0.513201
-0.995287,-0.096971
0.956635,-0.29129
-0.802581,0.596543
0.594855,-0.803833
-0.381714,0.924281
0.194061,-0.980989
-0.0480209,0.998846
-0.0501134,-0.998744
0.0990579,0.995082
-0.0990567,-0.995082
0.0501121,0.998744
0.0480222,-0.998846
-0.194063,0.980989
0.381715,-0.92428
-0.594857,0.803832
0.802582,-0.596542
-0.956635,0.291289
0.995287,0.0969723
-0.858268,-0.513202
0.515003,0.857188
-0.00104949,-0.999999
-0.554698,0.832052
0.94119,-0.337877
-0.941897,-0.335903
0.472323,0.881425
0.289276,-0.957246
-0.903537,0.42851
0.904442,0.426597
-0.196131,-0.980578
-0.706354,0.707859
0.97029,0.241946
-0.244016,-0.969771
-0.772329,0.635223
0.88243,0.470445
0.145657,-0.989335
-0.989016,0.147809
0.383695,0.92346
0.830858,-0.556485
-0.672377,-0.740209
-0.670736,0.741696
0.773717,0.633531
0.633528,-0.77372
-0.741705,-0.670726
-0.740194,0.672394
0.556511,0.830841
0.923445,-0.383732
-0.147857,-0.989009
-0.989344,-0.1456
-0.470386,0.882461
0.635281,0.772281
0.969751,-0.244098
0.241859,-0.970311
-0.707926,-0.706287
-0.980558,0.19623
-0.426501,0.904487
0.428612,0.903489
0.95728,0.289162
0.881366,-0.472434
0.33578,-0.941941
-0.338003,-0.941145
-0.832128,-0.554583
-0.999999,0.00119016
-0.857114,0.515126
-0.513076,0.858343
-0.0968223,0.995302
0.291437,0.95659
0.596669,0.802488
0.803928,0.594726
0.924344,0.381561
0.981022,0.193896
0.998855,0.0478478
0.998735,-0.0502911
0.995064,-0.0992396
0.995063,-0.0992429
0.998734,-0.0503016
0.998855,0.0478301
0.981027,0.193872
0.924356,0.381532
0.803951,0.594695
0.596705,0.802461
0.291486,0.956575
-0.0967635,0.995307
-0.513019,0.858377
-0.857077,0.515188
-0.999999,0.00126932
0.383856,0.923393
0.740098,-0.672499
-0.85838,-0.513014
-0.28907,0.957308
0.995308,0.0967544
-0.050335,-0.998732
-0.98899,0.147985
0.196334,0.980537
0.980537,-0.196334
-0.147985,-0.98899
-0.998732,0.0503334
-0.0967556,0.995308
0.957308,0.289071
0.513015,-0.85838
-0.672497,-0.740099
-0.923394,0.383854
0.00126654,0.999999
0.90453,0.42641
0.802453,-0.596715
-0.0992753,-0.99506
-0.882516,-0.470282
-0.903449,0.428696
-0.241757,0.970337
0.556618,0.830768
0.981031,0.193853
0.857079,-0.515185
0.335703,-0.941968
-0.291488,-0.956574
-0.773806,-0.633422
-0.98936,-0.14549
-0.941122,0.338067
-0.706221,0.707992
-0.381525,0.924358
-0.0478148,0.998856
0.244198,0.969725
0.472504,0.881329
0.635364,0.772213
0.741795,0.670627
0.803956,0.594689
0.832167,0.554524
0.832167,0.554524
0.803956,0.594689
0.741795,0.670627
0.635364,0.772213
0.472504,0.881329
0.244198,0.969725
-0.0478148,0.998856
-0.381525,0.924358
-0.706221,0.707992
-0.941122,0.338067
-0.989359,-0.145494
-0.773802,-0.633428
-0.291477,-0.956578
0.335718,-0.941963
0.857088,-0.51517
0.981027,0.19387
0.556604,0.830778
-0.241774,0.970333
-0.903457,0.428678
-0.882506,-0.470301
-0.0992525,-0.995062
0.802468,-0.596695
0.904518,0.426435
0.00123793,0.999999
-0.923406,0.383826
-0.672473,-0.740121
0.513045,-0.858362
0.957297,0.289106
-0.0967917,0.995305
-0.998734,0.0502963
-0.147946,-0.988995
0.980545,-0.196295
0.196294,0.980545
-0.988996,0.147944
-0.0502921,-0.998735
0.995304,0.0967981
-0.289113,0.957295
-0.858357,-0.513054
0.74013,-0.672464
0.383811,0.923412
-0.999999,0.00121918
0.426454,-0.904509
0.596676,0.802482
-0.995065,0.0992274
0.470325,-0.882493
0.428652,0.903469
-0.970325,-0.241803
0.830795,-0.556578
-0.193902,0.981021
-0.515141,-0.857106
0.941951,0.335751
-0.956588,0.291442
0.633457,-0.773778
-0.145533,0.989353
-0.33803,-0.941135
0.707962,0.70625
-0.924342,-0.381565
0.998854,0.0478588
-0.969737,0.244154
0.881351,-0.472463
-0.772243,0.635327
0.670664,-0.741762
-0.59473,0.803926
0.554564,-0.832141
-0.554562,0.832142
0.594725,-0.80393
-0.670659,0.741766
0.772239,-0.635332
-0.881348,0.472468
0.969735,-0.24416
-0.998854,-0.0478525
0.924345,0.381559
-0.707967,-0.706246
0.338039,0.941132
0.145519,-0.989355
-0.633443,0.773789
0.956582,-0.291463
-0.941959,-0.335727
0.515164,0.857091
0.193873,-0.981027
-0.830778,0.556604
0.970333,0.241771
-0.428684,-0.903454
-0.470292,0.882511
0.995061,-0.0992669
-0.59671,-0.802457
-0.426414,0.904528
0.999999,-0.00126583
-0.773813,-0.633414
0.147983,0.98899
0.594681,-0.803962
-0.99506,0.0992785
0.708003,0.706209
0.145475,-0.989362
-0.903446,0.428703
0.832175,0.554513
0.0967512,-0.995309
-0.941114,0.338089
0.672504,0.740094
0.47027,-0.882523
-0.981034,-0.193836
0.0503461,0.998732
0.969719,-0.244223
-0.383868,-0.923388
-0.881316,0.472528
0.515204,0.857068
0.857067,-0.515204
-0.47253,-0.881315
-0.923387,0.383871
0.244227,0.969718
0.998732,-0.0503519
0.193829,-0.981035
-0.882527,-0.470263
-0.740087,0.672511
0.338099,0.94111
0.99531,0.0967391
0.554503,-0.832182
-0.428714,-0.90344
-0.989364,-0.145463
-0.706201,0.708012
0.0992937,0.995058
0.803972,0.594667
0.988987,-0.148004
0.633396,-0.773828
-0.00129141,-0.999999
-0.596738,-0.802436
-0.94198,-0.33567
-0.980532,0.196362
-0.772186,0.635396
-0.42638,0.904544
-0.047769,0.998858
0.29153,0.956562
0.556652,0.830746
0.741825,0.670593
0.858398,0.512984
0.924378,0.381479
0.957318,0.289037
0.970347,0.241715
0.970347,0.241715
0.957318,0.289037
0.924378,0.381479
0.858398,0.512984
0.741825,0.670593
0.556652,0.830746
0.29153,0.956562
-0.047769,0.998858
-0.42638,0.904544
-0.772186,0.635396
-0.980531,0.196365
-0.941982,-0.335663
-0.596747,-0.80243
-0.00130666,-0.999999
0.633381,-0.77384
0.988983,-0.148026
0.803988,0.594645
0.099324,0.995055
-0.706177,0.708036
-0.989369,-0.145429
-0.428745,-0.903426
0.554474,-0.832201
0.995313,0.096705
0.338132,0.941099
-0.740064,0.672536
-0.882543,-0.470232
0.193795,-0.981042
0.99873,-0.0503862
0.24426,0.96971
-0.923374,0.383902
-0.47256,-0.881298
0.85705,-0.515234
0.515233,0.85705
-0.881299,0.472558
-0.383901,-0.923374
0.96971,-0.24426
0.0503861,0.99873
-0.981042,-0.193795
0.470231,-0.882543
0.672537,0.740063
-0.941098,0.338134
0.0967019,-0.995313
0.832203,0.554471
-0.903424,0.428749
0.145423,-0.98937
0.708041,0.706171
-0.995054,0.0993333
0.594636,-0.803995
0.14804,0.988981
-0.77385,-0.633369
0.999999,-0.00132591
-0.802416,0.596765
0.335638,-0.941991
0.196395,0.980525
-0.635422,-0.772165
0.904559,0.426349
-0.99886,-0.0477337
0.956551,-0.291564
-0.830725,0.556683
0.670565,-0.74185
-0.51295,0.858418
0.38144,-0.924394
-0.288994,0.957331
0.241669,-0.970359
-0.241666,0.970359
0.288988,-0.957333
-0.38143,0.924398
0.512935,-0.858427
-0.670547,0.741867
0.830709,-0.556707
-0.956542,0.291596
0.998862,0.0476949
-0.904578,-0.426309
0.635461,0.772133
-0.196449,-0.980514
-0.335581,0.942011
0.802377,-0.596817
-0.999999,0.00139615
0.426292,-0.904586
0.596821,0.802374
-0.995047,0.0994086
0.470163,-0.88258
0.42882,0.90339
-0.970371,-0.241621
0.83069,-0.556735
-0.193715,0.981058
-0.515306,-0.857006
0.942016,0.335568
-0.956532,0.291628
0.633305,-0.773902
-0.145337,0.989382
-0.338216,-0.941068
0.708102,0.70611
-0.924419,-0.381378
0.998864,0.0476531
-0.969685,0.244357
0.88125,-0.472651
-0.772105,0.635495
0.6705,-0.74191
-0.594549,0.80406
0.554377,-0.832266
-0.554372,0.832269
0.594541,-0.804066
-0.670486,0.741922
0.772089,-0.635515
-0.881234,0.47268
0.969675,-0.244396
-0.998866,-0.0476048
0.924441,0.381326
-0.708147,-0.706065
0.33828,0.941046
0.145266,-0.989393
-0.633246,0.773951
0.956508,-0.291708
-0.942045,-0.335486
0.515385,0.856959
0.193618,-0.981077
-0.830632,0.556821
0.970397,0.241515
-0.428924,-0.903341
-0.470057,0.882636
0.995034,-0.0995336
-0.596927,-0.802296
-0.426168,0.904644
0.999999,-0.00153905
-0.38411,-0.923288
-0.73991,0.672706
0.858527,0.512769
0.288792,-0.957392
-0.995337,-0.0964598
0.0506356,0.998717
0.988944,-0.148288
-0.19664,-0.980476
-0.980475,0.196645
0.148304,0.988942
0.998716,-0.0506617
0.0964237,-0.99534
-0.957405,-0.288748
-0.51272,0.858556
0.672756,0.739864
0.923257,-0.384182
-0.00162766,-0.999999
-0.904686,-0.426079
-0.802231,0.597014
0.0996517,0.995022
0.882697,0.469943
0.903282,-0.429048
0.241373,-0.970432
-0.55695,-0.830546
-0.981109,-0.193457
-0.85687,0.515533
-0.335315,0.942106
0.291888,0.956452
0.774076,0.633092
0.989423,0.145061
0.940973,-0.338483
0.705906,-0.708306
0.38111,-0.92453
0.0473626,-0.998878
-0.24464,-0.969614
-0.47291,-0.881111
-0.635722,-0.771918
-0.742108,-0.67028
-0.804236,-0.59431
-0.832431,-0.554129
-0.832433,-0.554125
-0.804243,-0.594301
-0.742121,-0.670266
-0.635743,-0.771901
-0.47294,-0.881095
-0.244681,-0.969604
0.0473131,-0.99888
0.381057,-0.924551
0.705857,-0.708354
0.940946,-0.338556
0.989435,0.144975
0.774138,0.633017
0.29199,0.956421
-0.335207,0.942145
-0.856807,0.515638
-0.981134,-0.193328
-0.557067,-0.830467
0.241227,-0.970469
0.903213,-0.429192
0.882776,0.469793
0.0998301,0.995004
-0.802118,0.597165
-0.904771,-0.425899
-0.00183556,-0.999998
0.923174,-0.384383
0.672924,0.739712
-0.512517,0.858677
-0.957476,-0.288512
0.0961694,-0.995365
0.998702,-0.0509265
0.148576,0.988901
-0.980419,0.196924
-0.196928,-0.980418
0.988899,-0.148588
0.0509475,0.998701
-0.995368,-0.0961396
0.288475,-0.957487
0.858701,0.512477
-0.739675,0.672965
-0.384441,-0.92315
0.999998,-0.0019067
0.956385,-0.292109
0.856747,-0.515737
0.739669,-0.672971
0.632918,-0.774219
0.553984,-0.832527
0.512466,-0.858707
0.512466,-0.858707
0.553984,-0.832527
0.632918,-0.774219
0.739669,-0.672971
0.856747,-0.515737
0.956385,-0.292109
0.999998,-0.0019067
0.942185,0.335094
0.74223,0.670145
0.384444,0.923148
-0.0961194,0.99537
-0.594166,0.804342
-0.9409,0.338685
-0.957492,-0.288459
-0.557155,-0.830408
0.144844,-0.989455
0.80207,-0.59723
0.981155,0.19322
0.473078,0.881021
-0.42583,0.904803
-0.988895,0.148617
-0.635866,-0.7718
0.380921,-0.924608
0.9987,-0.0509727
0.429279,0.903172
-0.705756,0.708455
-0.882819,-0.469713
0.241128,-0.970493
0.998887,0.0471615
0.099916,0.994996
-0.980411,0.196961
-0.24483,-0.969566
0.969566,-0.244829
0.196959,0.980412
-0.994996,0.0999128
0.0471659,-0.998887
0.970492,0.241134
-0.469719,0.882816
-0.708449,-0.705762
0.903176,-0.42927
0.0509619,0.998701
-0.924603,-0.380932
0.771808,-0.635855
0.1486,0.988897
-0.904797,-0.425844
0.881027,-0.473066
-0.193232,0.981153
-0.597221,-0.802077
0.989453,0.144854
-0.830414,0.557147
0.288468,-0.95749
0.338677,0.940903
-0.804337,-0.594173
0.995369,0.0961269
-0.923151,0.384438
0.67015,-0.742225
-0.335101,0.942182
-0.00189886,-0.999998
0.292101,0.956388
-0.51573,-0.856751
0.672963,0.739676
-0.774212,-0.632926
0.832521,0.553993
-0.858701,-0.512477
0.8587,0.512478
-0.83252,-0.553994
0.774211,0.632927
-0.672962,-0.739677
0.515729,0.856752
-0.2921,-0.956388
0.00189758,0.999998
0.335102,-0.942182
-0.670151,0.742224
0.923151,-0.384436
-0.995369,-0.0961281
0.804337,0.594174
-0.338676,-0.940903
-0.288462,0.957491
0.830406,-0.557158
-0.989456,-0.144833
0.597241,0.802062
0.193203,-0.981159
-0.881012,0.473095
0.904812,0.425811
-0.14864,-0.988891
-0.771783,0.635887
0.92462,0.380891
-0.0510101,-0.998698
-0.903154,0.429317
0.708488,0.705722
0.469666,-0.882844
-0.970507,-0.241072
-0.0470986,0.99889
0.994989,-0.0999836
-0.197033,-0.980397
-0.969547,0.244906
0.24491,0.969546
0.980394,-0.197046
-0.100006,-0.994987
-0.998892,-0.0470675
-0.241033,0.970517
0.882867,0.469623
0.705681,-0.708529
-0.429378,-0.903125
-0.998694,0.0510857
-0.380813,0.924652
0.635959,0.771723
0.988877,-0.148738
0.425715,-0.904857
-0.473194,-0.880958
-0.981182,-0.193087
-0.801987,0.597341
-0.144702,0.989475
0.557277,0.830327
0.957536,0.288315
0.940848,-0.33883
0.594039,-0.804436
0.0959584,-0.995385
-0.384597,-0.923085
-0.742344,-0.670019
-0.942243,-0.334931
-0.999998,0.00208375
0.245001,0.969523
0.903097,-0.429438
-0.557301,-0.83031
-0.771687,0.636002
0.673101,0.739551
0.739551,-0.673101
-0.636002,-0.771688
-0.830311,0.5573
0.429435,0.903098
0.969523,-0.244998
-0.00208095,-0.999998
-0.957542,-0.288293
-0.594027,0.804445
0.515886,0.856657
0.994979,-0.100086
0.380762,-0.924673
-0.597367,-0.801968
-0.998691,0.0511417
-0.553843,0.832621
0.292269,0.956336
0.904874,0.42568
0.940844,-0.338841
0.469567,-0.882897
-0.197123,-0.980379
-0.742342,-0.670021
-0.989479,-0.14468
-0.923084,0.384597
-0.63279,0.774323
-0.24097,0.970532
0.148778,0.988871
0.473221,0.880944
0.708568,0.705643
0.85879,0.512328
0.942238,0.334944
0.981186,0.193065
0.995385,0.0959621
0.998895,0.0470051
0.998895,0.0470051
0.995385,0.0959621
0.981186,0.193065
0.942237,0.334946
0.858788,0.512332
0.708564,0.705647
0.473214,0.880947
0.148769,0.988872
-0.240981,0.97053
-0.632801,0.774315
-0.92309,0.384583
-0.989476,-0.144697
-0.74233,-0.670034
-0.197107,-0.980382
0.469582,-0.882889
0.940849,-0.338825
0.904866,0.425696
0.292251,0.956342
-0.553861,0.832609
-0.998693,0.0511189
-0.597347,-0.801983
0.380787,-0.924663
0.994982,-0.100058
0.51586,0.856673
-0.594053,0.804426
-0.957533,-0.288325
-0.00204662,-0.999998
0.969532,-0.244964
0.429403,0.903113
-0.830333,0.557268
-0.635971,-0.771713
0.739579,-0.67307
0.673069,0.73958
-0.771715,0.635968
-0.557264,-0.830336
0.903117,-0.429396
0.244954,0.969535
-0.999998,0.00203481
0.288338,-0.957529
0.804417,0.594065
-0.856682,0.515844
-0.100038,-0.994984
0.924654,0.380807
-0.801997,0.597328
-0.0510934,-0.998694
0.832594,0.553883
-0.95635,0.292224
0.425723,-0.904854
0.338796,0.94086
-0.882874,-0.469611
0.980388,-0.197076
-0.670057,0.74231
0.144726,-0.989472
0.384554,0.923102
-0.774294,-0.632826
0.970522,0.241014
-0.988877,0.148734
0.880965,-0.473182
-0.705673,0.708537
0.512365,-0.858768
-0.334984,0.942224
0.193106,-0.981178
-0.0960047,0.995381
0.0470492,-0.998893
-0.0470504,0.998892
0.096006,-0.995381
-0.193107,0.981178
0.334985,-0.942224
-0.512366,0.858767
0.705674,-0.708536
-0.880965,0.473181
0.988877,-0.148733
-0.970521,-0.241016
0.774296,0.632824
-0.38456,-0.9231
-0.144716,0.989473
0.670047,-0.742319
-0.980385,0.197093
0.882884,0.469592
-0.338818,-0.940852
-0.4257,0.904865
0.956342,-0.29225
-0.832611,-0.553859
0.0511245,0.998692
0.801978,-0.597354
-0.924668,-0.380774
0.100077,0.99498
0.856661,-0.51588
-0.804443,-0.59403
-0.288293,0.957542
0.999998,-0.00208408
-0.774331,-0.632781
0.148792,0.988868
0.594023,-0.804448
-0.994978,0.100093
0.708581,0.70563
0.144665,-0.989481
-0.903095,0.429442
0.832628,0.553832
0.0959368,-0.995387
-0.940837,0.338859
0.673109,0.739543
0.469548,-0.882907
-0.981192,-0.193033
0.0511633,0.99869
0.969519,-0.245016
-0.384623,-0.923074
-0.880929,0.473249
0.515905,0.856646
0.856646,-0.515905
-0.473252,-0.880927
-0.923072,0.384628
0.245022,0.969517
0.99869,-0.051171
0.193024,-0.981194
-0.882912,-0.469539
-0.739536,0.673117
0.338871,0.940833
0.995389,0.0959228
0.55382,-0.832636
-0.429455,-0.903088
-0.989483,-0.144651
-0.705617,0.708593
0.100114,0.994976
0.804462,0.594004
0.988864,-0.148819
0.632758,-0.774349
-0.00211538,-0.999998
-0.597399,-0.801944
-0.942256,-0.334894
-0.980369,0.19717
-0.771663,0.636032
-0.425635,0.904895
-0.046946,0.998897
0.292318,0.956321
0.557337,0.830287
0.742378,0.669982
0.85882,0.512277
0.924692,0.380717
0.957556,0.288248
0.970546,0.240915
0.970546,0.240915
0.957556,0.288248
0.924692,0.380717
0.85882,0.512277
0.742378,0.669982
0.557337,0.830287
0.292318,0.956321
-0.046946,0.998897
-0.425635,0.904895
-0.771663,0.636032
-0.980369,0.197173
-0.942258,-0.334887
-0.597408,-0.801938
-0.00213064,-0.999998
0.632743,-0.774362
0.988861,-0.148841
0.804478,0.593982
0.100144,0.994973
-0.705593,0.708617
-0.989488,-0.144614
-0.429489,-0.903072
0.553788,-0.832658
0.995392,0.0958848
0.338907,0.94082
-0.73951,0.673146
-0.88293,-0.469505
0.192987,-0.981201
0.998688,-0.0512091
0.245059,0.969508
-0.923057,0.384663
-0.473286,-0.880909
0.856625,-0.51594
0.515939,0.856625
-0.88091,0.473284
-0.384662,-0.923057
0.969508,-0.245059
0.051209,0.998688
-0.981201,-0.192986
0.469504,-0.88293
0.673147,0.739509
-0.940819,0.338909
0.0958817,-0.995393
0.83266,0.553785
-0.90307,0.429493
0.144608,-0.989489
0.708623,0.705588
-0.994972,0.100153
0.593973,-0.804485
0.148855,0.988859
-0.774372,-0.632731
0.999998,-0.00214988
-0.801924,0.597426
0.334862,-0.942267
0.197202,0.980363
-0.636058,-0.771641
0.90491,0.425603
-0.998899,-0.0469106
0.956311,-0.292352
-0.830266,0.557367
0.669954,-0.742403
-0.512243,0.858841
0.380678,-0.924708
-0.288205,0.957569
0.240869,-0.970558
-0.240867,0.970558
0.288199,-0.957571
-0.380668,0.924712
0.512228,-0.85885
-0.669935,0.74242
0.83025,-0.557391
-0.956301,0.292384
0.998901,0.0468719
-0.904929,-0.425563
0.636097,0.771609
-0.197257,-0.980352
-0.334805,0.942287
0.801885,-0.597478
-0.999998,0.00222013
-0.832701,-0.553723
-0.338979,-0.940794
0.334799,-0.94229
0.880873,-0.473353
0.957582,0.28816
0.42956,0.903038
-0.425548,0.904936
-0.98035,0.197266
-0.708674,-0.705536
0.240827,-0.970568
0.96949,-0.245132
0.636106,0.771601
-0.46944,0.882965
-0.989499,-0.144537
-0.148923,-0.988849
0.923029,-0.384731
0.557413,0.830236
-0.73946,0.6732
-0.742438,-0.669915
0.632679,-0.774415
0.774414,0.632679
-0.669916,0.742437
-0.673198,-0.739463
0.830238,-0.557409
0.384726,0.923031
-0.98885,0.148916
0.144545,-0.989498
0.88296,0.469449
-0.771609,0.636097
-0.245117,-0.969493
0.970564,0.240844
-0.70555,0.70866
-0.197245,-0.980354
0.904927,0.425567
-0.903047,0.429543
0.288178,-0.957577
0.473337,0.880881
-0.942284,-0.334815
0.9408,-0.338963
-0.553737,0.832692
-0.00220409,-0.999998
0.515992,0.856593
-0.85886,-0.512211
0.995398,0.0958231
-0.956298,0.292393
0.801893,-0.597468
-0.593928,0.804518
0.380647,-0.92472
-0.19293,0.981213
0.0468689,-0.998901
0.0512652,0.998685
-0.100206,-0.994967
0.100204,0.994967
-0.051264,-0.998685
-0.0468701,0.998901
0.192931,-0.981212
-0.380648,0.92472
0.593929,-0.804517
-0.801893,0.597467
0.956299,-0.292392
-0.995398,-0.0958244
0.858859,0.512212
-0.515991,-0.856594
0.00220281,0.999998
0.553738,-0.832691
-0.9408,0.338962
0.942285,0.334813
-0.473343,-0.880878
-0.288168,0.95758
0.903041,-0.429555
-0.904935,-0.425551
0.197266,0.98035
0.705535,-0.708676
-0.970569,-0.240823
0.245142,0.969487
0.771591,-0.636119
-0.882975,-0.46942
-0.144509,0.989504
0.988844,-0.148957
-0.384767,-0.923014
-0.830211,0.557449
0.673236,0.739427
0.669875,-0.742474
-0.774452,-0.632633
-0.632629,0.774455
0.742483,0.669865
0.739412,-0.673253
-0.557475,-0.830194
-0.922998,0.384804
0.149005,0.988836
0.989512,0.144451
0.469361,-0.883006
-0.636178,-0.771543
-0.969467,0.245224
-0.240731,0.970592
0.708746,0.705463
0.980329,-0.19737
0.425449,-0.904983
-0.429662,-0.90299
-0.957616,-0.288049
-0.880816,0.473458
-0.334684,0.94233
0.339097,0.940751
0.832772,0.553616
0.999997,-0.00235206
0.856515,-0.516122
0.512078,-0.858939
0.0956658,-0.995413
-0.292548,-0.956251
-0.597601,-0.801794
-0.804619,-0.593792
-0.924786,-0.380487
-0.981247,-0.192756
-0.99891,-0.0466872
-0.998676,0.0514513
-0.994948,0.100395
-0.994947,0.100399
-0.998675,0.0514618
-0.99891,-0.0466698
-0.981251,-0.192732
-0.924798,-0.380458
-0.804641,-0.593761
-0.597637,-0.801767
-0.292598,-0.956236
0.095607,-0.995419
0.512021,-0.858973
0.856478,-0.516184
0.999997,-0.00243217
-0.425354,0.905027
-0.597652,-0.801755
0.994943,-0.10044
-0.469248,0.883067
-0.429756,-0.902945
0.97062,0.240616
-0.830113,0.557596
0.192698,-0.981258
0.516194,0.856472
-0.942363,-0.334591
0.956229,-0.29262
-0.632504,0.774557
0.144315,-0.989532
0.339188,0.940719
-0.708834,-0.705375
0.924814,0.38042
-0.998913,-0.0466179
0.969432,-0.245362
-0.880759,0.473564
0.771446,-0.636295
-0.66973,0.742604
0.593715,-0.804675
-0.553514,0.83284
0.553509,-0.832843
-0.593707,0.804681
0.669717,-0.742616
-0.77143,0.636314
0.880744,-0.473593
-0.969422,0.245401
0.998915,0.0465696
-0.924835,-0.380368
0.708879,0.70533
-0.339255,-0.940695
-0.144241,0.989543
0.632443,-0.774607
-0.956205,0.292699
0.942392,0.33451
-0.516273,-0.856424
-0.192602,0.981277
0.830055,-0.557682
-0.970647,-0.24051
0.429859,0.902896
0.469142,-0.883123
-0.994931,0.100565
0.597758,0.801677
0.42523,-0.905085
-0.999997,0.00257489
0.385066,0.922889
0.739213,-0.673472
-0.859057,-0.511879
-0.2878,0.957691
0.995436,0.0954288
-0.05167,-0.998664
-0.98879,0.149312
0.197655,0.980272
0.980271,-0.19766
-0.149327,-0.988788
-0.998663,0.0516947
-0.0953941,0.99544
0.957703,0.287757
0.511832,-0.859085
-0.67352,-0.739169
-0.92286,0.385135
0.00266016,0.999996
0.905126,0.425144
0.801614,-0.597842
-0.100679,-0.994919
-0.883181,-0.469032
-0.902838,0.42998
-0.240371,0.970681
0.557807,0.82997
0.981308,0.192444
0.856337,-0.516418
0.334342,-0.942452
-0.292876,-0.956151
-0.774729,-0.632293
-0.989572,-0.14404
-0.940623,0.339454
-0.705174,0.709034
-0.380155,0.924923
-0.0463313,0.998926
0.245641,0.969361
0.473819,0.880622
0.636519,0.771261
0.7428,0.669513
0.804849,0.593479
0.833003,0.553269
0.833005,0.553266
0.804857,0.593468
0.742815,0.669496
0.636544,0.77124
0.473856,0.880602
0.245691,0.969348
-0.0462703,0.998929
-0.38009,0.924949
-0.705117,0.709091
-0.940592,0.339538
-0.989586,-0.143942
-0.774798,-0.632209
-0.292989,-0.956116
0.334223,-0.942494
0.856268,-0.516532
0.981335,0.192304
0.557934,0.829885
-0.240214,0.97072
-0.902764,0.430135
-0.883266,-0.468872
-0.100869,-0.9949
0.801494,-0.598002
0.905215,0.424954
0.0028795,0.999996
-0.922772,0.385346
-0.673696,-0.739009
0.51162,-0.859212
0.957777,0.287512
-0.0951302,0.995465
-0.998649,0.051969
-0.149608,-0.988745
0.980213,-0.197947
0.197951,0.980212
-0.988744,0.14962
-0.0519902,-0.998648
0.995468,0.0951004
-0.287475,0.957788
-0.859236,-0.51158
0.738971,-0.673737
0.385405,0.922748
-0.999996,0.00295159
-0.833106,-0.553114
-0.339667,-0.940546
0.334109,-0.942534
0.880526,-0.473998
0.957793,0.287459
0.430221,0.902724
-0.424886,0.905247
-0.980206,0.197982
-0.709189,-0.705018
0.240118,-0.970744
0.96931,-0.24584
0.63667,0.771136
-0.468795,0.883307
-0.989605,-0.143814
-0.149646,-0.98874
0.922747,-0.385405
0.558019,0.829828
-0.738968,0.67374
-0.742927,-0.669372
0.632113,-0.774876
0.774876,0.632113
-0.669374,0.742926
-0.673738,-0.738971
0.829831,-0.558015
0.385402,0.922749
-0.98874,0.149641
0.14382,-0.989604
0.883303,0.468802
-0.771143,0.636662
-0.245827,-0.969314
0.97074,0.240133
-0.705031,0.709177
-0.197963,-0.98021
0.905239,0.424904
-0.902732,0.430204
0.287477,-0.957788
0.473982,0.880534
-0.942529,-0.334125
0.940551,-0.339652
-0.553127,0.833097
-0.00293651,-0.999996
0.516619,0.856215
-0.859235,-0.511581
0.995468,0.095094
-0.956084,0.293094
0.801455,-0.598055
-0.593339,0.804953
0.37997,-0.924999
-0.192211,0.981354
0.0461372,-0.998935
0.0519967,0.998647
-0.100934,-0.994893
0.100933,0.994893
-0.0519954,-0.998647
-0.0461385,0.998935
0.192213,-0.981353
-0.379971,0.924998
0.59334,-0.804952
-0.801456,0.598054
0.956084,-0.293092
-0.995468,-0.0950953
0.859234,0.511583
-0.516618,-0.856216
0.00293523,0.999996
0.553128,-0.833097
-0.940551,0.339651
0.94253,0.334123
-0.473988,-0.880531
-0.287467,0.957791
0.902726,-0.430216
-0.905246,-0.424888
0.197984,0.980205
0.705015,-0.709192
-0.970745,-0.240112
0.245852,0.969307
0.771125,-0.636684
-0.883319,-0.468773
-0.143784,0.989609
0.988734,-0.149681
-0.385443,-0.922732
-0.829803,0.558057
0.673778,0.738934
0.669331,-0.742965
-0.774915,-0.632065
-0.632062,0.774918
0.742974,0.669321
0.738919,-0.673794
-0.558083,-0.829785
-0.922716,0.38548
0.149729,0.988727
0.989617,0.143727
0.468714,-0.88335
-0.636743,-0.771077
-0.969287,0.245934
-0.24002,0.970768
0.709263,0.704944
0.980184,-0.198088
0.424786,-0.905294
-0.430324,-0.902675
-0.957826,-0.287347
-0.880469,0.474103
-0.333994,0.942575
0.339786,0.940503
0.833177,0.553006
0.999995,-0.00308448
0.856137,-0.516749
0.511449,-0.859314
0.0949367,-0.995483
-0.293248,-0.956036
-0.598188,-0.801356
-0.805053,-0.593202
-0.925065,-0.379809
-0.981388,-0.192037
-0.998944,-0.0459555
-0.998638,0.0521827
-0.994874,0.101124
-0.994873,0.101128
-0.998637,0.0521932
-0.998944,-0.0459381
-0.981392,-0.192013
-0.925077,-0.379781
-0.805076,-0.593172
-0.598224,-0.801329
-0.293298,-0.956021
0.0948779,-0.995489
0.511392,-0.859348
0.856099,-0.516811
0.999995,-0.00316459
-0.775014,-0.631944
0.149861,0.988707
0.593154,-0.805089
-0.994869,0.101168
0.709343,0.704864
0.143596,-0.989636
-0.90263,0.430418
0.833227,0.552931
0.0948602,-0.995491
-0.94047,0.339876
0.673908,0.738815
0.468593,-0.883414
-0.9814,-0.191972
0.0522433,0.998634
0.969253,-0.246065
-0.385621,-0.922657
-0.880416,0.474201
0.516831,0.856088
0.856087,-0.516831
-0.474203,-0.880415
-0.922656,0.385624
0.246069,0.969252
0.998634,-0.0522491
0.191965,-0.981402
-0.883418,-0.468585
-0.738809,0.673915
0.339886,0.940466
0.995492,0.0948481
0.552921,-0.833234
-0.43043,-0.902624
-0.989638,-0.143583
-0.704855,0.709352
0.101184,0.994868
0.805101,0.593138
0.988704,-0.149882
0.631925,-0.77503
-0.00319112,-0.999995
-0.598261,-0.801301
-0.942616,-0.33388
-0.980157,0.198224
-0.770978,0.636862
-0.424661,0.905352
-0.0458714,0.998947
0.293346,0.956006
0.55823,0.829687
0.743098,0.669183
0.859371,0.511353
0.925101,0.379722
0.957865,0.287217
0.970805,0.239871
0.970805,0.239871
0.957865,0.287217
0.925101,0.379722
0.859371,0.511353
0.743098,0.669183
0.55823,0.829687
0.293346,0.956006
-0.0458714,0.998947
-0.424661,0.905352
-0.770978,0.636862
-0.980156,0.198228
-0.942618,-0.333873
-0.59827,-0.801295
-0.00320638,-0.999995
0.63191,-0.775042
0.9887,-0.149905
0.805117,0.593117
0.101214,0.994865
-0.70483,0.709376
-0.989643,-0.143549
-0.430461,-0.902609
0.552892,-0.833253
0.995495,0.094814
0.339919,0.940455
-0.738785,0.673941
-0.883434,-0.468555
0.191931,-0.981408
0.998632,-0.0522834
0.246102,0.969244
-0.922643,0.385656
-0.474233,-0.880399
0.856069,-0.516861
0.51686,0.85607
-0.8804,0.474232
-0.385655,-0.922643
0.969244,-0.246102
0.0522833,0.998632
-0.981408,-0.191931
0.468554,-0.883435
0.673942,0.738784
-0.940454,0.339921
0.0948109,-0.995495
0.833255,0.552889
-0.902608,0.430465
0.143543,-0.989644
0.709381,0.704825
-0.994864,0.101223
0.593108,-0.805123
0.149918,0.988698
-0.775052,-0.631897
0.999995,-0.00322562
-0.801281,0.598288
0.333848,-0.942627
0.198257,0.98015
-0.636888,-0.770956
0.905367,0.42463
-0.998949,-0.045836
0.955996,-0.293381
-0.829666,0.55826
0.669155,-0.743123
-0.511319,0.859391
0.379683,-0.925117
-0.287174,0.957878
0.239825,-0.970816
-0.239823,0.970817
0.287168,-0.95788
-0.379673,0.925121
0.511303,-0.8594
-0.669136,0.74314
0.82965,-0.558284
-0.955986,0.293412
0.998951,0.0457973
-0.905386,-0.424589
0.636927,0.770924
-0.198312,-0.980139
-0.333791,0.942647
0.801242,-0.598341
-0.999995,0.00329587
0.424573,-0.905394
0.598345,0.801239
-0.994856,0.101299
0.468485,-0.883471
0.430535,0.902574
-0.970828,-0.239778
0.829631,-0.558312
-0.19185,0.981424
-0.516933,-0.856026
0.942652,0.333777
-0.955976,0.293445
0.631834,-0.775104
-0.143457,0.989657
-0.340003,-0.940424
0.709443,0.704763
-0.925142,-0.379621
0.998953,0.0457554
-0.969219,0.246199
0.88035,-0.474324
-0.770896,0.636961
0.669089,-0.743182
-0.59302,0.805188
0.552795,-0.833317
-0.55279,0.833321
0.593012,-0.805194
-0.669076,0.743194
0.77088,-0.63698
-0.880334,0.474353
0.969209,-0.246238
-0.998955,-0.0457072
0.925163,0.379569
-0.709487,-0.704718
0.340067,0.940401
0.143386,-0.989667
-0.631774,0.775153
0.955952,-0.293524
-0.942681,-0.333696
0.517012,0.855978
0.191754,-0.981443
-0.829573,0.558398
0.970854,0.239671
-0.430639,-0.902524
-0.468379,0.883528
0.994843,-0.101424
-0.59845,-0.80116
-0.424449,0.905452
0.999994,-0.00343877
-0.385863,-0.922556
-0.73863,0.674111
0.859499,0.511137
0.286973,-0.957939
-0.995518,-0.0945687
0.0525328,0.998619
0.988661,-0.150167
-0.198502,-0.9801
-0.980099,0.198507
0.150182,0.988658
0.998618,-0.0525589
0.0945327,-0.995522
-0.957952,-0.286928
-0.511088,0.859528
0.674161,0.738585
0.922526,-0.385935
-0.00352737,-0.999994
-0.905494,-0.424359
-0.801095,0.598537
0.101542,0.994831
0.883588,0.468266
0.902465,-0.430763
0.239529,-0.970889
-0.558527,-0.829486
-0.981474,-0.191593
-0.855889,0.51716
-0.333524,0.942742
0.293705,0.955896
0.775277,0.631621
0.989696,0.143182
0.940328,-0.34027
0.704559,-0.709646
0.379353,-0.925252
0.045465,-0.998966
-0.246482,-0.969147
-0.474583,-0.880211
-0.637188,-0.770709
-0.74338,-0.668869
-0.805364,-0.592781
-0.833482,-0.552546
-0.833484,-0.552543
-0.805371,-0.592772
-0.743393,-0.668855
-0.637208,-0.770692
-0.474613,-0.880195
-0.246522,-0.969137
0.0454154,-0.998968
0.3793,-0.925274
0.70451,-0.709694
0.940301,-0.340343
0.989709,0.143095
0.775339,0.631545
0.293807,0.955865
-0.333416,0.94278
-0.855826,0.517265
-0.9815,-0.191464
-0.558644,-0.829408
0.239383,-0.970925
0.902396,-0.430908
0.883667,0.468116
0.10172,0.994813
-0.800982,0.598688
-0.905578,-0.424179
-0.00373527,-0.999993
0.922442,-0.386136
0.674328,0.738432
-0.510885,0.859649
-0.958023,-0.286693
0.0942783,-0.995546
0.998604,-0.0528236
0.150454,0.988617
-0.980043,0.198786
-0.19879,-0.980042
0.988615,-0.150466
0.0528447,0.998603
-0.995549,-0.0942485
0.286656,-0.958034
0.859673,0.510844
-0.738395,0.674369
-0.386194,-0.922418
0.999993,-0.00380641
0.94282,0.333303
0.743502,0.668733
0.386199,0.922416
-0.0942264,0.995551
-0.592636,0.805471
-0.940254,0.340474
-0.958039,-0.286638
-0.558734,-0.829347
0.14296,-0.989728
0.800931,-0.598756
0.981522,0.19135
0.474755,0.880118
-0.424106,0.905613
-0.98861,0.150501
-0.637336,-0.770586
0.379157,-0.925332
0.998601,-0.0528775
0.431001,0.902351
-0.704404,0.7098
-0.883714,-0.468028
0.239277,-0.970951
0.998975,0.0452562
0.101814,0.994803
-0.980034,0.198831
-0.246679,-0.969097
0.969097,-0.246678
0.198829,0.980034
-0.994804,0.10181
0.0452606,-0.998975
0.97095,0.239283
-0.468034,0.88371
-0.709794,-0.704409
0.902356,-0.430992
0.0528666,0.998602
-0.925328,-0.379168
0.770592,-0.637329
0.150494,0.988611
-0.90561,-0.424111
0.88012,-0.474752
-0.191353,0.981521
-0.598756,-0.800932
0.989729,0.142959
-0.829346,0.558736
0.286634,-0.95804
0.340478,0.940252
-0.805474,-0.592632
0.995551,0.0942206
-0.922413,0.386205
0.668728,-0.743507
-0.333296,0.942822
-0.00381383,-0.999993
0.293932,0.955826
-0.517369,-0.855762
0.674379,0.738386
-0.775423,-0.631443
0.83358,0.552398
-0.859681,-0.510832
0.85968,0.510833
-0.83358,-0.552399
0.775422,0.631444
-0.674378,-0.738387
0.517368,0.855763
-0.293931,-0.955827
0.00381255,0.999993
0.333297,-0.942822
-0.668729,0.743506
0.922414,-0.386203
-0.995551,-0.0942218
0.805473,0.592633
-0.340484,-0.94025
-0.28662,0.958044
0.829333,-0.558754
-0.989733,-0.14293
0.598782,0.800912
0.191316,-0.981528
-0.8801,0.474788
0.905629,0.42407
-0.150545,-0.988603
-0.770554,0.637375
0.925353,0.379106
-0.0529377,-0.998598
-0.902323,0.43106
0.709849,0.704354
0.467961,-0.883749
-0.970971,-0.239199
-0.0451704,0.998979
0.994794,-0.101904
-0.198925,-0.980015
-0.969072,0.246777
0.246781,0.969071
0.980012,-0.198938
-0.101926,-0.994792
-0.998981,-0.0451393
-0.23916,0.97098
0.883772,0.467918
0.704312,-0.70989
-0.43112,-0.902294
-0.998594,0.0530153
-0.379024,0.925387
0.637452,0.77049
0.988587,-0.150654
0.423961,-0.905681
-0.4749,-0.88004
-0.981554,-0.191184
-0.800827,0.598896
-0.142783,0.989754
0.558886,0.829244
0.958093,0.286457
0.940189,-0.340655
0.592477,-0.805587
0.0940255,-0.99557
-0.386389,-0.922336
-0.743644,-0.668576
-0.942892,-0.3331
-0.999992,0.00402638
-0.955762,0.29414
-0.855647,0.51756
-0.738232,0.674547
-0.631262,0.77557
-0.5522,0.833712
-0.510623,0.859805
-0.51062,0.859807
-0.552189,0.833719
-0.631246,0.775583
-0.738212,0.674569
-0.855627,0.517593
-0.955749,0.294184
-0.999992,0.00408169
-0.150767,-0.988569
0.969031,-0.246938
0.294188,0.955747
-0.955748,0.294188
-0.246938,-0.969031
0.988569,-0.150767
0.00408168,0.999992
-0.981573,-0.191086
0.423862,-0.905727
0.743686,0.668529
-0.87999,0.474993
-0.102079,-0.994776
0.942911,0.333044
-0.738204,0.674578
-0.199092,-0.979981
0.925434,0.37891
-0.855624,0.517599
0.142692,-0.989767
0.637544,0.770414
-0.995577,-0.0939521
0.800768,-0.598975
-0.239015,0.971016
-0.386455,-0.922308
0.833733,0.552168
-0.998988,-0.0449857
0.902234,-0.431246
-0.631229,0.775596
0.286372,-0.958119
0.0531523,0.998586
-0.340737,-0.940158
0.558965,0.829191
-0.709992,-0.70421
0.805636,0.592411
-0.859822,-0.510593
0.88384,0.46779
-0.883839,-0.467791
0.859822,0.510595
-0.805635,-0.592412
0.709991,0.704211
-0.558964,-0.829192
0.340736,0.940159
-0.053151,-0.998586
-0.286369,0.958119
0.631224,-0.775601
-0.90223,0.431255
0.998988,0.0449717
-0.833743,-0.552153
0.386475,0.9223
0.238991,-0.971022
-0.80075,0.598999
0.99558,0.0939192
-0.637573,-0.77039
-0.142651,0.989773
0.855601,-0.517637
-0.925451,-0.378867
0.199143,0.97997
0.738166,-0.674619
-0.942931,-0.332987
0.102144,0.99477
0.879956,-0.475055
-0.743737,-0.668472
-0.423787,0.905762
0.98159,0.191
-0.00417386,-0.999991
-0.988555,0.150863
0.247036,0.969006
0.955716,-0.29429
-0.294294,-0.955715
-0.969003,0.247049
0.150885,0.988551
0.999991,-0.00420599
0.190959,-0.981598
-0.905783,-0.423741
-0.668427,0.743778
0.475117,0.879922
0.994761,-0.102224
0.332902,-0.942962
-0.674692,-0.738099
-0.979949,0.199248
-0.378758,0.925496
0.517744,0.855536
0.989792,0.142521
0.770302,-0.63768
0.0937738,-0.995594
-0.599121,-0.800658
-0.97106,-0.238835
-0.922235,0.38663
-0.552006,0.83384
-0.044788,0.998996
0.431428,0.902147
0.775727,0.631069
0.958179,0.28617
0.998575,-0.0533626
0.940085,-0.34094
0.829068,-0.559148
0.70405,-0.710151
0.592225,-0.805772
0.51039,-0.859943
0.467577,-0.883952
0.467573,-0.883954
0.51038,-0.859949
0.592208,-0.805785
0.704029,-0.710172
0.829046,-0.55918
0.940069,-0.340984
0.998572,-0.0534179
0.958197,0.28611
0.775772,0.631014
0.4315,0.902113
-0.0446994,0.999
-0.551925,0.833894
-0.922194,0.386728
-0.971087,-0.238724
-0.599219,-0.800585
0.0936442,-0.995606
0.770213,-0.637786
0.989813,0.142375
0.517877,0.855455
-0.378606,0.925558
-0.979915,0.199417
-0.674826,-0.737977
0.332724,-0.943024
0.994741,-0.10242
0.475298,0.879825
-0.668268,0.743921
-0.905878,-0.42354
0.190733,-0.981642
0.99999,-0.00444489
0.955641,-0.294535
0.855435,-0.51791
0.737959,-0.674846
0.630951,-0.775823
0.551869,-0.833931
0.510285,-0.860005
0.510285,-0.860005
0.551869,-0.833931
0.630951,-0.775823
0.737959,-0.674846
0.855435,-0.51791
0.955641,-0.294535
0.99999,-0.00444489
0.943032,0.332702
0.743929,0.668259
0.386786,0.922169
-0.0935927,0.995611
-0.592123,0.805847
-0.940037,0.341072
-0.958221,-0.286028
-0.559261,-0.828992
0.142332,-0.989819
0.800552,-0.599263
0.981643,0.19073
0.475311,0.879818
-0.423534,0.90588
-0.988515,0.151125
-0.637821,-0.770184
0.378574,-0.925571
0.998568,-0.053506
0.431569,0.90208
-0.703957,0.710243
-0.884008,-0.467472
0.238666,-0.971102
0.999004,0.0446274
0.10244,0.994739
-0.979908,0.199448
-0.247289,-0.968942
0.968942,-0.247288
0.199446,0.979909
-0.99474,0.102437
0.0446318,-0.999004
0.9711,0.238671
-0.467478,0.884005
-0.710237,-0.703963
0.902084,-0.43156
0.0534952,0.998568
-0.925566,-0.378586
0.770193,-0.637811
0.151112,0.988517
-0.905876,-0.423544
0.879822,-0.475302
-0.190738,0.981641
-0.599257,-0.800557
0.989818,0.14234
-0.828996,0.559255
0.286034,-0.958219
0.341066,0.940039
-0.805844,-0.592128
0.99561,0.0935977
-0.922171,0.386782
0.668263,-0.743926
-0.332706,0.94303
-0.00443944,-0.99999
0.29453,0.955642
-0.517905,-0.855438
0.67484,0.737964
-0.775818,-0.630957
0.833926,0.551876
-0.86,-0.510294
0.859999,0.510295
-0.833925,-0.551878
0.775817,0.630958
-0.674839,-0.737965
0.517904,0.855439
-0.294528,-0.955643
0.00443816,0.99999
0.332708,-0.94303
-0.668264,0.743925
0.922172,-0.38678
-0.99561,-0.093599
0.805844,0.592129
-0.341065,-0.94004
-0.286036,0.958219
0.828992,-0.55926
-0.98982,-0.142326
0.599271,0.800546
0.190717,-0.981645
-0.87981,0.475325
0.905888,0.423517
-0.151145,-0.988512
-0.770169,0.637839
0.925582,0.378548
-0.0535396,-0.998566
-0.902063,0.431604
0.710274,0.703926
0.467429,-0.884031
-0.971115,-0.238613
-0.0445683,0.999006
0.994733,-0.102504
-0.199515,-0.979895
-0.968923,0.247361
0.247365,0.968922
0.979892,-0.199529
-0.102526,-0.99473
-0.999008,-0.0445372
-0.238574,0.971124
0.884054,0.467385
0.703884,-0.710315
-0.431664,-0.902034
-0.998562,0.0536152
-0.37847,0.925614
0.637911,0.77011
0.988497,-0.151242
0.423422,-0.905933
-0.475424,-0.879757
-0.981668,-0.190601
-0.800472,0.599371
-0.142196,0.989839
0.559378,0.828913
0.958263,0.285889
0.939986,-0.341212
0.592,-0.805938
0.0934368,-0.995625
-0.386934,-0.922108
-0.744038,-0.668137
-0.943088,-0.332543
-0.999989,0.0046167
0.999989,-0.00461702
-0.999011,-0.0444553
0.989844,0.142161
-0.958271,-0.285862
0.884089,0.467318
-0.744046,-0.668128
0.518061,0.855343
-0.199622,-0.979873
-0.190553,0.981677
0.591977,-0.805955
-0.902001,0.431734
0.995628,0.0934088
-0.77594,-0.630807
0.247471,0.968895
0.42336,-0.905962
-0.922094,0.386965
0.925646,0.378391
-0.341259,-0.939969
-0.510112,0.860108
0.994718,-0.102643
-0.637982,-0.770051
-0.332505,0.943102
0.988483,-0.151334
-0.559437,-0.828873
-0.55169,0.834049
0.971153,0.238456
-0.053724,-0.998556
-0.955576,0.294744
0.475506,0.879713
0.800419,-0.599441
-0.675012,-0.737806
-0.703793,0.710405
0.710408,0.70379
0.737797,-0.675022
-0.599458,-0.800406
-0.8797,0.47553
0.294776,0.955567
0.998554,-0.0537615
0.238415,-0.971163
-0.834076,-0.55165
-0.828843,0.559481
0.151391,0.988474
0.943123,0.332445
0.770008,-0.638035
-0.102716,-0.994711
-0.860148,-0.510044
-0.939941,0.341337
-0.378309,0.925679
0.387051,0.922058
0.906003,0.423271
0.96887,-0.247572
0.630724,-0.776008
0.0932992,-0.995638
-0.431836,-0.901952
-0.806024,-0.591883
-0.9817,-0.190435
-0.979849,0.199742
-0.855279,0.518168
-0.668034,0.744131
-0.467205,0.884149
-0.285738,0.958308
-0.142032,0.989862
-0.0443241,0.999017
0.00474888,0.999989
0.00474888,0.999989
-0.0443241,0.999017
-0.142032,0.989862
-0.285738,0.958308
-0.467205,0.884149
-0.668034,0.744131
-0.855279,0.518168
-0.979849,0.199742
-0.9817,-0.190435
-0.806024,-0.591883
-0.431836,-0.901952
0.0932992,-0.995638
0.630724,-0.776008
0.96887,-0.247572
0.906007,0.423264
0.387065,0.922052
-0.378288,0.925688
-0.93993,0.341366
-0.860168,-0.510011
-0.102761,-0.994706
0.769974,-0.638076
0.943143,0.332388
0.151459,0.988463
-0.828801,0.559544
-0.834122,-0.55158
0.238326,-0.971185
0.998548,-0.0538605
0.294878,0.955535
-0.879645,0.475631
-0.599556,-0.800333
0.73771,-0.675118
0.710505,0.703692
-0.70369,0.710507
-0.675125,-0.737703
0.800323,-0.599569
0.47565,0.879635
-0.955527,0.294905
-0.0538954,-0.998547
0.971195,0.238286
-0.551541,0.834148
-0.559589,-0.828771
0.988454,-0.151519
-0.332325,0.943165
-0.638132,-0.769927
0.994698,-0.10284
-0.509938,0.860211
-0.341453,-0.939899
0.925725,0.378197
-0.922012,0.387162
0.423163,-0.906054
0.247687,0.96884
-0.776083,-0.63063
0.995649,0.0931791
-0.9019,0.431946
0.591785,-0.806096
-0.190315,0.981723
-0.199864,-0.979824
0.518275,0.855214
-0.744216,-0.667939
0.88421,0.467089
-0.958346,-0.28561
0.989881,0.141897
-0.999023,-0.0441845
0.999988,-0.00489216
-0.247723,-0.968831
-0.901887,0.431972
0.559631,0.828742
0.769898,-0.638167
-0.675175,-0.737657
-0.737658,0.675175
0.638166,0.769899
0.828743,-0.55963
-0.431971,-0.901888
-0.968831,0.247721
0.00489013,0.999988
0.958348,0.285602
0.591765,-0.806111
-0.51829,-0.855205
-0.994694,0.102881
-0.378162,0.925739
0.599618,0.800286
0.998544,-0.053948
0.551501,-0.834174
-0.294955,-0.955511
-0.906066,-0.423136
-0.939888,0.341484
-0.467084,0.884213
0.199878,0.979821
0.744222,0.667933
0.989881,0.141898
0.922,-0.38719
0.630612,-0.776098
0.238242,-0.971206
-0.151557,-0.988449
-0.475695,-0.87961
-0.710548,-0.703649
-0.860226,-0.509913
-0.943176,-0.332295
-0.981725,-0.190307
-0.995651,-0.0931645
-0.999023,-0.0441979
-0.999023,-0.0441979
-0.995651,-0.0931645
-0.981725,-0.190307
-0.943175,-0.332297
-0.860224,-0.509916
-0.710544,-0.703653
-0.475688,-0.879614
-0.151547,-0.98845
0.238253,-0.971203
0.630622,-0.77609
0.922006,-0.387176
0.989879,0.141916
0.74421,0.667945
0.199861,0.979824
-0.4671,0.884205
-0.939894,0.341467
-0.906059,-0.423151
-0.294937,-0.955517
0.551519,-0.834162
0.998545,-0.0539251
0.599598,0.800301
-0.378187,0.925729
-0.994696,0.102853
-0.518265,-0.85522
0.591789,-0.806093
0.958339,0.285632
0.00485771,0.999988
-0.96884,0.247689
-0.43194,-0.901902
0.828763,-0.5596
0.638138,0.769922
-0.737683,0.675147
-0.675146,-0.737684
0.769924,-0.638135
0.559596,0.828766
-0.901906,0.431933
-0.247679,-0.968842
0.999988,-0.0048459
-0.285645,0.958335
-0.806083,-0.591803
0.855229,-0.51825
0.102834,0.994699
-0.925721,-0.378206
0.800315,-0.59958
0.0539016,0.998546
-0.834149,-0.55154
0.955524,-0.294912
-0.423176,0.906047
-0.34144,-0.939903
0.884191,0.467126
-0.979831,0.19983
0.667968,-0.74419
-0.141945,0.989875
-0.387147,-0.922018
0.776069,0.630647
-0.971195,-0.238286
0.988455,-0.151512
-0.879631,0.475656
0.703679,-0.710518
-0.50995,0.860204
0.332335,-0.943162
-0.190344,0.981717
0.0932034,-0.995647
-0.0442381,0.999021
0.0442394,-0.999021
-0.0932046,0.995647
0.190345,-0.981717
-0.332332,0.943162
0.509948,-0.860205
-0.703678,0.710519
0.87963,-0.475658
-0.988455,0.151515
0.971196,0.238284
-0.776074,-0.630642
0.387156,0.922014
0.141931,-0.989877
-0.667955,0.744202
0.979826,-0.199851
-0.884202,-0.467105
0.341464,0.939895
0.423152,-0.906059
-0.955516,0.29494
0.834166,0.551514
-0.0539346,-0.998544
-0.800294,0.599608
0.925736,0.378171
-0.102876,-0.994694
-0.855206,0.518289
0.806112,0.591764
0.285597,-0.95835
-0.999988,0.00489803
0.285594,-0.958351
0.806115,0.591758
-0.8552,0.518297
-0.10289,-0.994693
0.925743,0.378154
-0.800281,0.599626
-0.0539581,-0.998543
0.83418,0.551492
-0.955507,0.294968
0.423122,-0.906073
0.341499,0.939882
-0.884221,-0.467069
0.979817,-0.199895
-0.667919,0.744234
0.14188,-0.989884
0.387208,0.921992
-0.776111,-0.630596
0.971211,0.238222
-0.988445,0.151578
0.8796,-0.475714
-0.703632,0.710564
0.50989,-0.86024
-0.332265,0.943186
0.190272,-0.981731
-0.0931261,0.995654
0.0441606,-0.999024
-0.0441619,0.999024
0.0931274,-0.995654
-0.190269,0.981732
0.332259,-0.943188
-0.509881,0.860245
0.70362,-0.710577
-0.87959,0.475733
0.988441,-0.151603
-0.971218,-0.238193
0.776132,0.63057
-0.387242,-0.921978
-0.14184,0.98989
0.667886,-0.744264
-0.979808,0.199942
0.884245,0.467023
-0.341552,-0.939863
-0.423068,0.906098
0.955488,-0.29503
-0.834219,-0.551433
0.054033,0.998539
0.800233,-0.599689
-0.925774,-0.378078
0.102976,0.994684
0.855153,-0.518375
-0.806172,-0.591681
-0.285498,0.958379
0.999987,-0.0050023
-0.247834,-0.968803
-0.901835,0.43208
0.559733,0.828673
0.769816,-0.638266
-0.675273,-0.737568
-0.737565,0.675277
0.638276,0.769808
0.828661,-0.559752
-0.432107,-0.901822
-0.968793,0.247872
0.00504939,0.999987
0.958395,0.285445
0.591629,-0.806211
-0.518439,-0.855115
-0.994675,0.103058
-0.377993,0.925809
0.599769,0.800173
0.998533,-0.0541423
0.551334,-0.834284
-0.295152,-0.95545
-0.906156,-0.422944
-0.939814,0.341686
-0.46689,0.884315
0.200096,0.979776
0.744373,0.667764
0.989914,0.14167
0.921909,-0.387406
0.630427,-0.776249
0.238007,-0.971263
-0.1518,-0.988411
-0.475916,-0.879491
-0.710729,-0.703466
-0.86036,-0.509687
-0.943265,-0.332041
-0.981777,-0.190037
-0.995677,-0.0928872
-0.999035,-0.0439159
-0.999035,-0.043912
-0.995678,-0.0928758
-0.98178,-0.190019
-0.943274,-0.332016
-0.860378,-0.509657
-0.710759,-0.703436
-0.47596,-0.879467
-0.151858,-0.988402
0.237942,-0.971279
0.630369,-0.776296
0.921877,-0.387482
0.989927,0.141581
0.744438,0.667691
0.200199,0.979755
-0.466791,0.884368
-0.939773,0.341799
-0.90621,-0.422828
-0.295281,-0.95541
0.551215,-0.834363
0.998525,-0.0542927
0.599896,0.800078
-0.377837,0.925872
-0.994657,0.103234
-0.518596,-0.855019
0.591474,-0.806324
0.958452,0.285254
0.00525729,0.999986
-0.968739,0.24808
-0.432309,-0.901726
0.828531,-0.559943
0.63846,0.769655
-0.737398,0.675458
-0.675461,-0.737396
0.769649,-0.638468
0.559958,0.828521
-0.901715,0.432331
-0.248111,-0.968732
0.999986,-0.00529651
0.943315,0.331898
0.744498,0.667625
0.387573,0.921839
-0.0927428,0.99569
-0.591434,0.806353
-0.939745,0.341875
-0.958465,-0.285209
-0.559969,-0.828514
0.141485,-0.98994
0.800038,-0.599949
0.981806,0.189888
0.476066,0.87941
-0.422756,0.906244
-0.988385,0.151973
-0.638484,-0.769635
0.377778,-0.925896
0.998521,-0.054365
0.432345,0.901708
-0.703345,0.710848
-0.88441,-0.466711
0.23783,-0.971307
0.999042,0.043768
0.103295,0.994651
-0.979737,0.20029
-0.248122,-0.968729
0.968729,-0.248121
0.20029,0.979737
-0.994651,0.103294
0.0437706,-0.999042
0.971306,0.237834
-0.466716,0.884407
-0.710844,-0.70335
0.901712,-0.432338
0.054356,0.998522
-0.925894,-0.377784
0.769638,-0.638481
0.151972,0.988385
-0.906244,-0.422756
0.879409,-0.476068
-0.189885,0.981806
-0.599953,-0.800035
0.989941,0.141479
-0.828509,0.559976
0.285201,-0.958468
0.341884,0.939742
-0.806359,-0.591426
0.995691,0.0927318
-0.921835,0.387584
0.667615,-0.744506
-0.331886,0.943319
-0.00530918,-0.999986
0.295361,0.955386
-0.518648,-0.854988
0.675482,0.737376
-0.776366,-0.630282
0.834406,0.551151
-0.860444,-0.509546
0.860443,0.509547
-0.834405,-0.551152
0.776365,0.630283
-0.675481,-0.737377
0.518647,0.854988
-0.29536,-0.955386
0.0053079,0.999986
0.331887,-0.943319
-0.667616,0.744506
0.921835,-0.387582
-0.995691,-0.092733
0.806358,0.591427
-0.34189,-0.93974
-0.285187,0.958472
0.828497,-0.559994
-0.989945,-0.14145
0.599979,0.800016
0.189848,-0.981813
-0.879389,0.476103
0.906262,0.422716
-0.152023,-0.988377
-0.7696,0.638527
0.925919,0.377722
-0.0544309,-0.998518
-0.901678,0.432409
0.710902,0.703291
0.466639,-0.884448
-0.971327,-0.237746
-0.0436766,0.999046
0.994641,-0.103391
-0.20039,-0.979716
-0.968702,0.248226
0.24823,0.968701
0.979713,-0.200403
-0.103414,-0.994638
-0.999047,-0.0436454
-0.237707,0.971337
0.884471,0.466596
0.70325,-0.710943
-0.432469,-0.901649
-0.998513,0.0545085
-0.37764,0.925953
0.638603,0.769536
0.98836,-0.152132
0.422606,-0.906314
-0.476216,-0.879328
-0.981839,-0.189716
-0.799931,0.600093
-0.141303,0.989966
0.560126,0.828408
0.95852,0.285024
0.939678,-0.34206
0.591272,-0.806472
0.0925366,-0.995709
-0.387768,-0.921757
-0.744643,-0.667463
-0.943389,-0.331689
-0.999985,0.00552172
-0.955321,0.295569
-0.854872,0.518839
-0.737223,0.67565
-0.630101,0.776513
-0.550952,0.834537
-0.509337,0.860567
-0.509333,0.860569
-0.550942,0.834544
-0.630085,0.776526
-0.737203,0.675672
-0.854852,0.518871
-0.955308,0.295613
-0.999984,0.00557703
0.799873,-0.60017
-0.331633,0.943408
-0.200558,-0.979682
0.638695,0.76946
-0.906361,-0.422505
0.999054,0.0434949
-0.955306,0.29562
0.828356,-0.560203
-0.667412,0.744689
0.509305,-0.860586
-0.377517,0.926003
0.284933,-0.958548
-0.237553,0.971375
0.237551,-0.971375
-0.284926,0.958549
0.377508,-0.926006
-0.509294,0.860592
0.6674,-0.7447
-0.828345,0.560219
0.955299,-0.295643
-0.999055,-0.0434675
0.906373,0.422479
-0.63872,-0.769439
0.200592,0.979675
0.331597,-0.943421
-0.799848,0.600202
0.999984,-0.00562075
-0.776566,-0.630036
0.152294,0.988335
0.591168,-0.806548
-0.994617,0.103621
0.711081,0.70311
0.141149,-0.989988
-0.901562,0.43265
0.834594,0.550866
0.0923916,-0.995723
-0.939624,0.342209
0.675741,0.737139
0.466396,-0.884576
-0.981875,-0.18953
0.0547289,0.998501
0.968637,-0.248478
-0.38792,-0.921693
-0.879231,0.476396
0.518968,0.854793
0.854791,-0.518972
-0.476408,-0.879224
-0.921685,0.387939
0.248505,0.968631
0.998499,-0.0547632
0.18949,-0.981883
-0.884599,-0.466353
-0.737102,0.675782
0.342268,0.939603
0.995729,0.0923225
0.550802,-0.834636
-0.432725,-0.901526
-0.990001,-0.141061
-0.703042,0.711148
0.103722,0.994606
0.806612,0.591082
0.988318,-0.152405
0.629945,-0.77664
-0.00574313,-0.999983
-0.600304,-0.799772
-0.943465,-0.331474
-0.979648,0.200725
-0.76935,0.638827
-0.422346,0.906435
-0.0433143,0.999062
0.295796,0.955251
0.560358,0.828251
0.744816,0.66727
0.860685,0.509138
0.926077,0.377335
0.958604,0.284743
0.971422,0.23736
0.971423,0.237356
0.958607,0.284732
0.926084,0.377317
0.860698,0.509115
0.744839,0.667244
0.560392,0.828227
0.295843,0.955236
-0.0432571,0.999064
-0.422287,0.906462
-0.769304,0.638883
-0.979632,0.2008
-0.943491,-0.331398
-0.600371,-0.799722
-0.00583086,-0.999983
0.629874,-0.776698
0.988304,-0.152499
0.80667,0.591002
0.103825,0.994596
-0.702966,0.711223
-0.990017,-0.140951
-0.432831,-0.901475
0.550697,-0.834705
0.995741,0.0921896
0.3424,0.939554
-0.737001,0.675891
-0.884672,-0.466214
0.189329,-0.981914
0.99849,-0.0549346
0.248678,0.968586
-0.921613,0.388111
-0.476579,-0.879132
0.854686,-0.519145
0.519148,0.854685
-0.879127,0.476588
-0.388126,-0.921606
0.968581,-0.2487
0.0549631,0.998488
-0.98192,-0.189295
0.466178,-0.884691
0.675927,0.736969
-0.939536,0.342451
0.0921285,-0.995747
0.834743,0.55064
-0.901442,0.4329
0.140868,-0.990028
0.711285,0.702904
-0.994586,0.103916
0.590924,-0.806728
0.1526,0.988288
-0.776765,-0.629791
0.999982,-0.00594309
-0.388167,-0.921589
-0.736947,0.67595
0.860769,0.508996
0.284593,-0.958649
-0.99575,-0.0921014
0.0550021,0.998486
0.988287,-0.152606
-0.200915,-0.979609
-0.979609,0.200915
0.152605,0.988287
0.998486,-0.0550005
0.0921029,-0.995749
-0.958648,-0.284594
-0.508998,0.860768
0.675949,0.736948
0.92159,-0.388165
-0.00594014,-0.999982
-0.906513,-0.422178
-0.799656,0.600459
0.103925,0.994585
0.884704,0.466153
0.901436,-0.432913
0.237219,-0.971456
-0.560493,-0.828159
-0.981926,-0.189268
-0.854663,0.519183
-0.331297,0.943526
0.295957,0.955201
0.776761,0.629796
0.99003,0.140859
0.939529,-0.342469
0.7029,-0.711289
0.377196,-0.926134
0.0431403,-0.999069
-0.248733,-0.968572
-0.476623,-0.879108
-0.63897,-0.769231
-0.744925,-0.667149
-0.80673,-0.590921
-0.834753,-0.550624
-0.834753,-0.550624
-0.80673,-0.590921
-0.744925,-0.667149
-0.63897,-0.769231
-0.476623,-0.879108
-0.248733,-0.968572
0.0431403,-0.999069
0.377196,-0.926134
0.7029,-0.711289
0.93953,-0.342468
0.990029,0.140863
0.776757,0.6298
0.295952,0.955203
-0.331303,0.943525
-0.854666,0.519178
-0.981924,-0.189273
-0.560489,-0.828162
0.237227,-0.971454
0.90144,-0.432905
0.884699,0.466163
0.103911,0.994587
-0.799665,0.600447
-0.906506,-0.422194
-0.00592106,-0.999982
0.921598,-0.388146
0.675932,0.736964
-0.509019,0.860755
-0.958641,-0.284619
0.0921295,-0.995747
0.998488,-0.0549729
0.152576,0.988292
-0.979615,0.200885
-0.200884,-0.979615
0.988292,-0.152574
0.0549688,0.998488
-0.995746,-0.0921359
0.284627,-0.958638
0.86075,0.509028
-0.736973,0.675922
-0.388131,-0.921604
0.999983,-0.00590208
-0.422214,0.906496
-0.600428,-0.799679
0.994589,-0.103885
-0.466187,0.884686
-0.432879,-0.901452
0.971447,0.237256
-0.82818,0.560463
0.189305,-0.981918
0.519149,0.854684
-0.943513,-0.331336
0.955213,-0.295919
-0.629826,0.776736
0.140898,-0.990024
0.342433,0.939542
-0.711262,-0.702927
0.926119,0.377232
-0.999067,-0.0431805
0.968583,-0.248692
-0.879128,0.476585
0.769259,-0.638937
-0.667183,0.744894
0.590958,-0.806702
-0.550664,0.834727
0.550665,-0.834726
-0.590959,0.806701
0.667183,-0.744893
-0.76926,0.638936
0.879129,-0.476584
-0.968583,0.248691
0.999067,0.0431818
-0.926118,-0.377233
0.711261,0.702928
-0.342436,-0.939541
-0.140892,0.990025
0.629819,-0.776742
-0.955209,0.295932
0.943519,0.331319
-0.519166,-0.854673
-0.189284,0.981922
0.828166,-0.560482
-0.971453,-0.237231
0.432903,0.90144
0.466161,-0.8847
-0.994586,0.103917
0.600455,0.799659
0.42218,-0.906512
-0.999982,0.00594133
0.999069,0.0431325
-0.990031,-0.14085
0.958648,0.284593
-0.884707,-0.466147
0.744929,0.667143
-0.519192,-0.854658
0.200918,0.979608
0.189256,-0.981928
-0.590912,0.806736
0.90143,-0.432925
-0.99575,-0.0920934
0.776773,0.629781
-0.248751,-0.968567
-0.422163,0.90652
0.921582,-0.388183
-0.926145,-0.377168
0.3425,0.939518
0.508975,-0.860781
-0.994582,0.103957
0.638999,0.769208
0.331258,-0.94354
-0.988282,0.15264
0.560531,0.828133
0.550588,-0.834777
-0.971467,-0.237173
0.0550432,0.998484
0.955186,-0.296007
-0.476671,-0.879082
-0.799622,0.600504
0.675992,0.736909
0.702848,-0.71134
-0.711343,-0.702845
-0.7369,0.676002
0.600522,0.799609
0.879067,-0.476698
-0.296045,-0.955174
-0.998482,0.0550883
-0.237124,0.971479
0.834808,0.550541
0.828099,-0.560582
-0.152705,-0.988272
-0.943564,-0.331192
-0.769159,0.639057
0.104037,0.994573
0.860825,0.508901
0.939486,-0.342586
0.377079,-0.926181
-0.388276,-0.921543
-0.906565,-0.422066
-0.96854,0.248859
-0.629692,0.776845
-0.0919761,0.995761
0.433034,0.901377
0.806809,0.590812
0.981952,0.189131
0.979582,-0.201044
0.85459,-0.519304
0.667045,-0.745018
0.466029,-0.884769
0.284464,-0.958687
0.140716,-0.99005
0.0429966,-0.999075
-0.00607765,-0.999982
-0.00607765,-0.999982
0.0429966,-0.999075
0.140716,-0.99005
0.284464,-0.958687
0.466029,-0.884769
0.667045,-0.745018
0.85459,-0.519304
0.979582,-0.201044
0.981952,0.189131
0.806809,0.590812
0.433034,0.901377
-0.0919761,0.995761
-0.629692,0.776845
-0.96854,0.248859
-0.906565,-0.422066
-0.388283,-0.92154
0.377065,-0.926187
0.939479,-0.342607
0.860841,0.508874
0.104075,0.994569
-0.76913,0.639092
-0.943581,-0.331141
-0.152765,-0.988263
0.828061,-0.560638
0.83485,0.550478
-0.237043,0.971499
-0.998476,0.0551797
-0.29614,-0.955145
0.879016,-0.476792
0.600613,0.79954
-0.736817,0.676092
-0.711434,-0.702753
0.702751,-0.711436
0.676099,0.736811
-0.79953,0.600626
-0.476812,-0.879005
0.955136,-0.296167
0.0552146,0.998475
-0.971509,-0.237003
0.550438,-0.834876
0.560683,0.82803
-0.988253,0.152825
0.331078,-0.943603
0.639149,0.769083
-0.994561,0.104154
0.508801,-0.860884
0.342694,0.939447
-0.926224,-0.376974
0.921499,-0.38838
-0.421966,0.906612
-0.248965,-0.968512
0.776915,0.629606
-0.995771,-0.0918655
0.901329,-0.433135
-0.590721,0.806876
0.18902,-0.981973
0.201155,0.979559
-0.519402,-0.85453
0.745095,0.666958
-0.884825,-0.465924
0.958721,0.284347
-0.990067,-0.140593
0.999081,0.0428691
-0.999981,0.00620853
0.999981,-0.00621202
0.854518,-0.519421
0.508765,-0.860906
0.0918328,-0.995774
-0.296224,-0.955118
-0.600678,-0.799491
-0.806893,-0.590698
-0.926239,-0.376936
-0.981978,-0.188993
-0.999081,-0.0428611
-0.998471,0.0552724
-0.994556,0.104199
-0.994556,0.104199
-0.998471,0.0552729
-0.999081,-0.0428603
-0.981979,-0.188992
-0.92624,-0.376935
-0.806894,-0.590697
-0.600679,-0.79949
-0.296225,-0.955118
0.0918309,-0.995775
0.508762,-0.860907
0.854517,-0.519423
0.999981,-0.0062144
0.834906,0.550392
0.342735,0.939432
-0.331032,0.94362
-0.878975,0.476868
-0.958726,-0.284332
-0.433165,-0.901315
0.421928,-0.906629
0.979554,-0.201182
0.711488,0.702698
-0.236946,0.971523
-0.968502,0.249004
-0.639185,-0.769053
0.465906,-0.884834
0.990069,0.140579
0.152876,0.988245
-0.921483,0.388419
-0.560728,-0.828
0.736763,-0.676151
0.745111,0.666941
-0.629577,0.776938
-0.776938,-0.629578
0.666942,-0.745109
0.67615,0.736764
-0.828002,0.560726
-0.388415,-0.921484
0.988246,-0.152871
-0.140586,0.990068
-0.88483,-0.465913
0.769059,-0.639178
0.248993,0.968505
-0.97152,-0.23696
0.702709,-0.711477
0.201169,0.979557
-0.906624,-0.42194
0.901319,-0.433155
-0.284341,0.958723
-0.476861,-0.878979
0.943617,0.33104
-0.939435,0.342728
0.550398,-0.834902
0.0062082,0.999981
-0.519418,-0.85452
0.860904,0.508768
-0.995774,-0.0918366
0.95512,-0.29622
-0.799494,0.600674
0.590702,-0.80689
-0.376942,0.926237
0.189,-0.981977
-0.0428687,0.999081
-0.0552637,-0.998472
0.104189,0.994558
-0.104187,-0.994558
0.0552624,0.998472
0.04287,-0.999081
-0.189001,0.981977
0.376943,-0.926237
-0.590703,0.806889
0.799495,-0.600673
-0.95512,0.296219
0.995774,0.0918379
-0.860903,-0.508769
0.519417,0.854521
-0.00620692,-0.999981
-0.550399,0.834902
0.939433,-0.342734
-0.943622,-0.331026
0.476876,0.87897
0.284321,-0.958729
-0.901308,0.433178
0.906636,0.421913
-0.201201,-0.97955
-0.702683,0.711503
0.971529,0.23692
-0.249037,-0.968494
-0.769028,0.639215
0.884855,0.465867
0.14053,-0.990076
-0.988237,0.15293
0.388474,0.92146
0.827964,-0.560781
-0.676203,-0.736715
-0.666885,0.745161
0.776988,0.629515
0.629511,-0.776991
-0.74517,-0.666875
-0.7367,0.676219
0.560807,0.827946
0.921444,-0.388511
-0.152979,-0.98823
-0.990085,-0.140473
-0.465808,0.884886
0.639274,0.768979
0.968473,-0.249119
0.236829,-0.971551
-0.711575,-0.70261
-0.979528,0.201307
-0.421809,0.906685
0.433287,0.901256
0.958765,0.284199
0.878907,-0.476994
0.330894,-0.943668
-0.342876,-0.939381
-0.834991,-0.550263
-0.99998,0.00637238
-0.153031,-0.988221
0.968463,-0.249157
0.296377,0.955071
-0.955071,0.296377
-0.249157,-0.968463
0.988221,-0.153031
0.00637237,0.99998
-0.982009,-0.188837
0.421786,-0.906695
0.745215,0.666824
-0.878899,0.477007
-0.104357,-0.99454
0.943672,0.330883
-0.736657,0.676267
-0.201336,-0.979522
0.926299,0.376789
-0.854435,0.519559
0.140422,-0.990092
0.639309,0.76895
-0.99579,-0.0916694
0.799392,-0.600809
-0.236788,0.971561
-0.388569,-0.92142
0.834997,0.550255
-0.999088,-0.0426952
0.901243,-0.433313
-0.629449,0.777042
0.284174,-0.958773
0.0554377,0.998462
-0.342888,-0.939376
0.560862,0.827909
-0.711602,-0.702583
0.806989,0.590566
-0.860989,-0.508624
0.884908,0.465766
-0.884907,-0.465767
0.860988,0.508625
-0.806989,-0.590567
0.711601,0.702584
-0.560861,-0.82791
0.342887,0.939377
-0.0554365,-0.998462
-0.284176,0.958772
0.629447,-0.777043
-0.901241,0.433319
0.999089,0.0426851
-0.835004,-0.550243
0.388585,0.921413
0.236767,-0.971566
-0.799377,0.60083
0.995792,0.0916403
-0.639334,-0.768929
-0.140386,0.990097
0.854414,-0.519594
-0.926316,-0.376748
0.201385,0.979512
0.73662,-0.676307
-0.943691,-0.330828
0.10442,0.994533
0.878866,-0.477068
-0.745265,-0.666768
-0.421713,0.906729
0.982025,0.188753
-0.00646264,-0.999979
-0.988207,0.153125
0.249253,0.968438
0.95504,-0.296477
-0.296481,-0.955039
-0.968435,0.249266
0.153147,0.988203
0.999979,-0.00649478
0.188712,-0.982032
-0.906751,-0.421667
-0.666723,0.745306
0.47713,0.878833
0.994525,-0.1045
0.330743,-0.943721
-0.67638,-0.736553
-0.97949,0.201491
-0.376638,0.92636
0.5197,0.854349
0.990115,0.140255
0.76884,-0.639441
0.0914948,-0.995806
-0.600952,-0.799285
-0.971604,-0.236612
-0.921348,0.38874
-0.550096,0.835101
-0.0425013,0.999096
0.433492,0.901157
0.777169,0.629292
0.958831,0.283976
0.99845,-0.055648
0.939302,-0.343091
0.827786,-0.561045
0.702422,-0.71176
0.590379,-0.807126
0.508421,-0.861109
0.465552,-0.88502
0.465549,-0.885022
0.50841,-0.861115
0.590362,-0.807138
0.702401,-0.711781
0.827764,-0.561076
0.939286,-0.343135
0.998447,-0.0557033
0.958849,0.283916
0.777214,0.629236
0.433564,0.901123
-0.0424127,0.9991
-0.550015,0.835155
-0.921306,0.388837
-0.971631,-0.236501
-0.60105,-0.799212
0.0913652,-0.995817
0.768752,-0.639547
0.990136,0.140109
0.519833,0.854268
-0.376486,0.926422
-0.979456,0.201659
-0.676513,-0.736431
0.330564,-0.943783
0.994504,-0.104697
0.477311,0.878734
-0.666563,0.745449
-0.906845,-0.421465
0.188485,-0.982076
0.999977,-0.00673367
0.666554,-0.745456
-0.0557924,-0.998442
-0.711852,-0.702329
-0.995822,-0.0913132
-0.854247,0.519867
-0.421458,0.906848
0.104717,0.994502
0.561157,0.82771
0.861171,0.508315
0.990142,0.140066
0.979449,-0.201691
0.878727,-0.477325
0.736412,-0.676533
0.590277,-0.807201
0.465447,-0.885076
0.376453,-0.926436
0.330542,-0.943791
0.330542,-0.943791
0.376453,-0.926436
0.465447,-0.885076
0.590277,-0.807201
0.736412,-0.676533
0.878727,-0.477325
0.979449,-0.201691
0.990142,0.140066
0.861171,0.508315
0.561157,0.827709
0.104717,0.994502
-0.421458,0.906848
-0.854247,0.519867
-0.995822,-0.0913132
-0.711852,-0.702329
-0.0557924,-0.998442
0.666554,-0.745456
0.999977,-0.00673367
0.639584,0.768721
-0.236443,0.971645
-0.939254,0.343222
-0.777265,-0.629174
0.188482,-0.982077
0.968373,-0.249506
0.601094,0.799179
-0.54996,0.835191
-0.958873,-0.283837
0.0423432,-0.999103
0.988166,-0.153386
0.296719,0.954965
-0.921283,0.388893
-0.43363,-0.901091
0.901092,-0.433629
0.388891,0.921284
-0.954966,0.296716
-0.153381,-0.988167
0.999103,0.042349
-0.283841,0.958871
-0.835187,-0.549966
0.799184,-0.601086
0.249495,0.968376
-0.982074,-0.188496
0.629186,-0.777255
0.343205,0.939261
-0.971641,-0.236459
0.768731,-0.639572
0.00671941,0.999977
-0.745448,-0.666564
0.998443,-0.0557799
-0.702337,0.711844
0.0913244,-0.995821
0.519858,0.854253
-0.906844,-0.421467
0.994503,-0.104707
-0.827715,0.561149
0.508324,-0.861166
-0.140076,0.990141
-0.20168,-0.979451
0.477315,0.878732
-0.676525,-0.73642
0.807194,0.590287
-0.88507,-0.465459
0.92643,0.376466
-0.943786,-0.330556
0.943786,0.330557
-0.92643,-0.376467
0.885069,0.46546
-0.807193,-0.590288
0.676524,0.736421
-0.477314,-0.878733
0.201679,0.979452
0.140077,-0.990141
-0.508325,0.861165
0.827716,-0.561148
-0.994503,0.104705
0.906843,0.421468
-0.519857,-0.854253
-0.0913181,0.995822
0.70233,-0.711851
-0.998442,0.0557939
0.745459,0.666551
-0.00674102,-0.999977
-0.768715,0.639592
0.971648,0.236431
-0.343236,-0.939249
-0.629161,0.777275
0.982081,0.188459
-0.249534,-0.968366
-0.799158,0.601121
0.835213,0.549926
0.283792,-0.958886
-0.999105,-0.0422912
0.153442,0.988158
0.954946,-0.296779
-0.388955,-0.921257
-0.90106,0.433695
0.433699,0.901058
0.921251,-0.388968
-0.2968,-0.95494
-0.988153,0.153473
-0.0422511,0.999107
0.9589,0.283745
0.549878,-0.835245
-0.601175,-0.799118
-0.968347,0.249608
-0.188374,0.982097
0.777336,0.629086
0.939214,-0.343332
0.236325,-0.971674
-0.63968,-0.768642
-0.999976,0.00686161
-0.854181,0.519976
-0.508205,0.861236
-0.091186,0.995834
0.296844,0.954926
0.601197,0.799101
0.807276,0.590173
0.926484,0.376334
0.982101,0.188355
0.999109,0.042212
0.998435,-0.0559211
0.994489,-0.104845
0.994489,-0.104845
0.998435,-0.0559215
0.999109,0.0422114
0.982101,0.188354
0.926484,0.376333
0.807277,0.590172
0.601198,0.7991
0.296846,0.954925
-0.0911838,0.995834
-0.508203,0.861237
-0.854179,0.519978
-0.999976,0.00686441
-0.835264,-0.54985
-0.343345,-0.939209
0.330419,-0.943834
0.878665,-0.477439
0.95891,0.283709
0.43375,0.901033
-0.421339,0.906903
-0.979423,0.201819
-0.711944,-0.702236
0.236315,-0.971676
0.96834,-0.249634
0.639685,0.768637
-0.465332,0.885136
-0.99016,-0.139938
-0.153516,-0.988146
0.921231,-0.389016
0.561264,0.827637
-0.736325,0.676629
-0.745543,-0.666458
0.629074,-0.777346
0.777345,0.629074
-0.666459,0.745541
-0.676626,-0.736327
0.827639,-0.56126
0.38901,0.921233
-0.988147,0.153509
0.139946,-0.990159
0.885131,0.465341
-0.768646,0.639675
-0.249619,-0.968344
0.971672,0.236332
-0.702247,0.711933
-0.201805,-0.979426
0.906898,0.421351
-0.901038,0.433741
0.283718,-0.958908
0.477432,0.878669
-0.943832,-0.330426
0.939212,-0.343338
-0.549855,0.83526
-0.00685797,-0.999976
0.519973,0.854183
-0.861234,-0.508208
0.995834,0.0911896
-0.954927,0.296841
0.799103,-0.601194
-0.590177,0.807274
0.37634,-0.926482
-0.188361,0.9821
0.0422196,-0.999108
0.0559125,0.998436
-0.104835,-0.99449
0.104834,0.99449
-0.0559112,-0.998436
-0.0422208,0.999108
0.188363,-0.9821
-0.376341,0.926481
0.590178,-0.807273
-0.799104,0.601193
0.954927,-0.296839
-0.995833,-0.0911908
0.861234,0.508209
-0.519972,-0.854183
0.00685669,0.999977
0.549856,-0.835259
-0.93921,0.343344
0.943835,0.330417
-0.477444,-0.878662
-0.283701,0.958913
0.901028,-0.43376
-0.906909,-0.421328
0.201834,0.97942
0.702223,-0.711957
-0.971681,-0.236296
0.249658,0.968334
0.768617,-0.639709
-0.885154,-0.465299
-0.139895,0.990166
0.988139,-0.153565
-0.389065,-0.92121
-0.827604,0.561313
0.676676,0.736281
0.666406,-0.745589
-0.777393,-0.629016
-0.629012,0.777395
0.745598,0.666396
0.736266,-0.676692
-0.561339,-0.827586
-0.921195,0.389102
0.153613,0.988131
0.990175,0.139837
0.46524,-0.885185
-0.639767,-0.768569
-0.968313,0.249741
-0.236203,0.971704
0.712028,0.702151
0.979398,-0.201939
0.421225,-0.906956
-0.433868,-0.900977
-0.958949,-0.28358
-0.878598,0.477561
-0.330284,0.943882
0.343483,0.939159
0.835346,0.549724
0.999975,-0.00701833
-0.999115,-0.0420564
0.990182,0.139784
-0.958954,-0.283561
0.885209,0.465194
-0.745648,-0.66634
0.520112,0.854098
-0.201972,-0.979391
-0.188199,0.982131
0.590045,-0.807371
-0.900964,0.433894
0.995849,0.0910234
-0.777449,-0.628946
0.249792,0.9683
0.421188,-0.906973
-0.921165,0.389173
0.92655,0.376173
-0.34351,-0.939149
-0.50805,0.861328
0.99447,-0.105026
-0.639825,-0.768521
-0.330244,0.943896
0.988117,-0.153702
-0.561421,-0.82753
-0.54969,0.835368
0.971722,0.236129
-0.056116,-0.998424
-0.954867,0.297033
0.477612,0.878571
0.798981,-0.601356
-0.676778,-0.736187
-0.702089,0.712089
0.712092,0.702086
0.736178,-0.676788
-0.601374,-0.798967
-0.878558,0.477636
0.297064,0.954858
0.998422,-0.0561535
0.236088,-0.971732
-0.835395,-0.549651
-0.827501,0.561465
0.153759,0.988108
0.943916,0.330185
0.768477,-0.639877
-0.105098,-0.994462
-0.861368,-0.507982
-0.93912,0.343588
-0.376091,0.926583
0.389259,0.921128
0.907015,0.421099
0.968274,-0.249892
0.628863,-0.777516
0.0909137,-0.995859
-0.433996,-0.900915
-0.807439,-0.589951
-0.982153,-0.188083
-0.979367,0.202089
-0.854035,0.520215
-0.66625,0.745729
-0.465085,0.885266
-0.283441,0.95899
-0.13966,0.9902
-0.0419307,0.999121
0.00714447,0.999974
0.00714447,0.999974
-0.0419307,0.999121
-0.13966,0.9902
-0.283441,0.95899
-0.465085,0.885266
-0.66625,0.745729
-0.854035,0.520215
-0.979367,0.202089
-0.982153,-0.188083
-0.807439,-0.589951
-0.433996,-0.900915
0.0909137,-0.995859
0.628863,-0.777516
0.968274,-0.249892
0.907015,0.421099
0.389259,0.921128
-0.376084,0.926586
-0.939115,0.343602
-0.861379,-0.507962
-0.105129,-0.994459
0.768453,-0.639907
0.943931,0.330142
0.153812,0.9881
-0.827466,0.561515
-0.835432,-0.549593
0.236013,-0.97175
0.998417,-0.0562373
0.297151,0.95483
-0.87851,0.477723
-0.60146,-0.798903
0.736101,-0.676872
0.712178,0.701999
-0.701997,0.71218
-0.676879,-0.736094
0.798894,-0.601472
0.477743,0.8785
-0.954822,0.297179
-0.0562722,-0.998415
0.97176,0.235973
-0.549553,0.835459
-0.56156,-0.827436
0.988091,-0.153871
-0.330079,0.943953
-0.639963,-0.768406
0.99445,-0.105208
-0.507889,0.861423
-0.343689,-0.939084
0.926623,0.375992
-0.921088,0.389355
0.421005,-0.907058
0.249993,0.968248
-0.777582,-0.628781
0.995868,0.0908088
-0.900869,0.434091
0.589865,-0.807502
-0.187978,0.982173
-0.202195,-0.979345
0.520309,0.853978
-0.745804,-0.666165
0.88532,0.464983
-0.959023,-0.283328
0.990216,0.13954
-0.999126,-0.041807
0.999974,-0.00727153
-0.999974,0.00727454
-0.666151,0.745817
0.0563324,0.998412
0.712232,0.701944
0.995871,0.0907747
0.853966,-0.520329
0.420967,-0.907076
-0.105254,-0.994445
-0.561604,-0.827406
-0.861446,-0.507849
-0.990218,-0.13953
-0.97934,0.20222
-0.878468,0.4778
-0.736046,0.676932
-0.58984,0.80752
-0.464968,0.885327
-0.375952,0.926639
-0.330031,0.94397
-0.330031,0.94397
-0.375952,0.926639
-0.464968,0.885327
-0.58984,0.80752
-0.736046,0.676932
-0.878468,0.4778
-0.97934,0.20222
-0.990218,-0.13953
-0.861446,-0.507849
-0.561604,-0.827406
-0.105255,-0.994445
0.420967,-0.907076
0.853966,-0.520329
0.995871,0.0907746
0.712232,0.701944
0.0563325,0.998412
-0.666151,0.745817
-0.999974,0.00727471
-0.64,-0.768375
0.235917,-0.971773
0.939069,-0.34373
0.777605,0.628754
-0.187951,0.982178
-0.968238,0.250029
-0.601525,-0.798854
0.549509,-0.835488
0.959026,0.283318
-0.0418027,0.999126
-0.988083,0.15392
-0.297236,-0.954804
0.921072,-0.389392
0.434117,0.900856
-0.900857,0.434116
-0.38939,-0.921073
0.954805,-0.297233
0.153916,0.988084
-0.999126,-0.0418084
0.283324,-0.959024
0.835483,0.549516
-0.79886,0.601517
-0.250017,-0.968242
0.982176,0.187966
-0.628767,0.777594
-0.343715,-0.939074
0.97177,0.235932
-0.768384,0.639989
-0.00726236,-0.999974
0.745809,0.666159
-0.998413,0.056322
0.701951,-0.712225
-0.0907837,0.995871
-0.520322,-0.85397
0.907072,0.420975
-0.994446,0.105247
0.82741,-0.561598
-0.507856,0.861442
0.139538,-0.990217
0.202212,0.979342
-0.477793,-0.878473
0.676925,0.736052
-0.807514,-0.589848
0.885322,0.464978
-0.926635,-0.375963
0.943966,0.330044
-0.943965,-0.330045
0.926634,0.375964
-0.885322,-0.464979
0.807513,0.589849
-0.676924,-0.736053
0.477791,0.878473
-0.202211,-0.979342
-0.13954,0.990216
0.507857,-0.861441
-0.827411,0.561597
0.994446,-0.105245
-0.907072,-0.420976
0.520324,0.853969
0.0907773,-0.995871
-0.701944,0.712233
0.998412,-0.056336
-0.745821,-0.666146
0.00728397,0.999973
0.768367,-0.640009
-0.971777,-0.235903
0.343746,0.939063
0.628738,-0.777617
-0.982183,-0.187926
0.25006,0.96823
0.798831,-0.601555
-0.835512,-0.549472
-0.283271,0.95904
0.999128,0.0417487
-0.153979,-0.988074
-0.954785,0.297297
0.389455,0.921045
0.900824,-0.434184
-0.434188,-0.900822
-0.92104,0.389468
0.297319,0.954778
0.988069,-0.154009
0.0417086,-0.99913
-0.959054,-0.283224
-0.549424,0.835544
0.601609,0.798791
0.968211,-0.250134
0.187841,-0.982199
-0.777677,-0.628663
-0.939027,0.343842
-0.235798,0.971802
0.640097,0.768294
0.999973,-0.00740504
